	a	b	c	d
ENST00000262354	0	0	0	0
ENST00000269844	0	0	0	0
ENST00000270112	467.105298459306	772.470652843626	467.105298459306	772.470652843626
ENST00000270139	553.476457962377	770.08251307012	553.476457962377	770.08251307012
ENST00000270142	8807.66890206581	5335.95146520789	8807.66890206581	5335.95146520789
ENST00000270162	837.24752775615	0	837.24752775615	0
ENST00000270172	0	0	0	0
ENST00000270190	1730.63593764499	0	1730.63593764499	0
ENST00000282964	0	0	0	0
ENST00000284878	382.60750970249	286.082608021534	382.60750970249	286.082608021534
ENST00000284881	666.443493838378	251.804246927587	666.443493838378	251.804246927587
ENST00000284885	0	0	0	0
ENST00000284894	514.118896060689	192.204313428219	514.118896060689	192.204313428219
ENST00000284971	0	1979.4052854307	0	1979.4052854307
ENST00000284984	0	0	0	0
ENST00000284987	0	0	0	0
ENST00000285667	0	0	0	0
ENST00000285670	0	0	0	0
ENST00000285679	0	0	0	0
ENST00000285681	394.740147805477	576.016744623378	394.740147805477	576.016744623378
ENST00000286777	0	0	0	0
ENST00000286788	0	0	0	0
ENST00000286791	0	0	0	0
ENST00000286800	359.471209383685	235.689581341636	359.471209383685	235.689581341636
ENST00000286808	0	0	0	0
ENST00000286827	1275.14407535301	0.000348448235550388	1275.14407535301	0.000348448235550388
ENST00000286835	0.0830861461403679	0.0988384082404102	0.0830861461403679	0.0988384082404102
ENST00000288319	0	0	0	0
ENST00000288344	0	0	0	0
ENST00000288350	0	0	0	0
ENST00000288383	0	0	0	0
ENST00000290130	1107.57076700923	1241.99249029215	1107.57076700923	1241.99249029215
ENST00000290155	0	0.0133884947446264	0	0.0133884947446264
ENST00000290178	0	0	0	0
ENST00000290200	1300.83380360247	1458.78854055334	1300.83380360247	1458.78854055334
ENST00000290219	0	0	0	0
ENST00000290239	0	0	0	0
ENST00000290244	0	0	0	0
ENST00000290299	6168.90277700991	12566.3869869916	6168.90277700991	12566.3869869916
ENST00000290310	0	992.323754522731	0	992.323754522731
ENST00000290349	0	777.589000920119	0	777.589000920119
ENST00000290354	0	0	0	0
ENST00000290399	0	0	0	0
ENST00000291525	0	0	0	0
ENST00000291526	0	0	0	0
ENST00000291527	0	0	0	0
ENST00000291532	0	0	0	0
ENST00000291535	0	0	0	0
ENST00000291536	617.769654085904	692.726477892296	617.769654085904	692.726477892296
ENST00000291539	0	0	0	0
ENST00000291547	1086.59243011436	1042.18282159931	1086.59243011436	1042.18282159931
ENST00000291552	3768.52561524215	3712.08200923546	3768.52561524215	3712.08200923546
ENST00000291554	0	0	0	0
ENST00000291560	851.964397666642	955.597779670133	851.964397666642	955.597779670133
ENST00000291565	0.000167594767380899	420.844300767892	0.000167594767380899	420.844300767892
ENST00000291568	2429.50943595738	3643.96336895697	2429.50943595738	3643.96336895697
ENST00000291572	1130.33158549477	0	1130.33158549477	0
ENST00000291574	0	0	0	0
ENST00000291576	2.43377298397341	1.34284363982874	2.43377298397341	1.34284363982874
ENST00000291577	0	0	0	0
ENST00000291582	0	835.216135361615	0	835.216135361615
ENST00000291592	953.11446336433	2137.97502271591	953.11446336433	2137.97502271591
ENST00000291634	0	0	0	0
ENST00000291670	0	0	0	0
ENST00000291672	0	408.582186426227	0	408.582186426227
ENST00000291688	380.892732315033	1220.47913590309	380.892732315033	1220.47913590309
ENST00000291691	0	0	0	0
ENST00000291700	0	0	0	0
ENST00000291705	0	0	0	0
ENST00000299295	0	0	0	0
ENST00000299340	0	0	0	0
ENST00000299443	0	0	0	0
ENST00000300255	0	0	0	0
ENST00000300258	0	0	0	0
ENST00000300260	0	1097.0524248811	0	1097.0524248811
ENST00000300278	0	0	0	0
ENST00000300305	0	0	0	0
ENST00000300481	0	0	0	0
ENST00000300482	0	0	0	0
ENST00000300527	394.142911752588	0	394.142911752588	0
ENST00000302347	0	0	0	0
ENST00000303071	0	0	0	0
ENST00000303113	418.400765857814	0	418.400765857814	0
ENST00000303645	0	0	0	0
ENST00000303775	0.0620590046842639	927.009058015564	0.0620590046842639	927.009058015564
ENST00000307301	0	0	0	0
ENST00000309117	0	1.7965089085176e-05	0	1.7965089085176e-05
ENST00000309331	0	0	0	0
ENST00000310645	0	0	0	0
ENST00000310826	319.751126865275	0	319.751126865275	0
ENST00000311003	770.680130578745	2592.39583648303	770.680130578745	2592.39583648303
ENST00000311124	1679.6698276498	478.282318506359	1679.6698276498	478.282318506359
ENST00000312957	498.633608864045	0	498.633608864045	0
ENST00000313806	0	0	0	0
ENST00000314103	1149.96993063294	1413.86858079653	1149.96993063294	1413.86858079653
ENST00000314399	0	0	0	0
ENST00000318948	416.020636908022	361.844036700071	416.020636908022	361.844036700071
ENST00000319294	997.529565933752	1118.81649917635	997.529565933752	1118.81649917635
ENST00000320216	0	0	0	0
ENST00000320371	0	0	0	0
ENST00000323084	0	0	0	0
ENST00000324988	0	0	0	0
ENST00000325223	699.731662726002	1089.7167662905	699.731662726002	1089.7167662905
ENST00000327505	7.08378172906567e-06	1331.41271886987	7.08378172906567e-06	1331.41271886987
ENST00000327574	1258.58376928027	1013.30075195808	1258.58376928027	1013.30075195808
ENST00000327783	0	0	0	0
ENST00000328264	0	0	0	0
ENST00000328344	0	0	0	0
ENST00000328619	0	0	0	0
ENST00000328656	319.311203408832	156.348310376814	319.311203408832	156.348310376814
ENST00000328735	0	663.233135278004	0	663.233135278004
ENST00000328862	0	0	0	0
ENST00000329015	0	0	0	0
ENST00000329122	0	0	0	0
ENST00000329319	0	0	0	0
ENST00000329553	0	0	0	0
ENST00000329618	0	0	0	0
ENST00000329621	0	0	0	0
ENST00000329623	253.338145949787	0	253.338145949787	0
ENST00000329667	0	0	0	0
ENST00000330205	769.914791328537	0	769.914791328537	0
ENST00000330317	0	1008.80972099747	0	1008.80972099747
ENST00000330333	407.556008431263	0	407.556008431263	0
ENST00000330490	0	0	0	0
ENST00000330551	903.621301251345	0	903.621301251345	0
ENST00000330714	903.728385612716	3119.64417552743	903.728385612716	3119.64417552743
ENST00000330798	0	0	0	0
ENST00000330938	636.590170668717	0	636.590170668717	0
ENST00000330942	5775.4248851475	0	5775.4248851475	0
ENST00000331343	0	0	0	0
ENST00000331573	0	0	0	0
ENST00000331923	0	0	0	0
ENST00000332131	0	0	0	0
ENST00000332149	0	0	0	0
ENST00000332378	0	0	0	0
ENST00000332440	0	0	0	0
ENST00000332473	0	0	0	0
ENST00000332512	834.994179058866	1170.59621195865	834.994179058866	1170.59621195865
ENST00000332587	0	0	0	0
ENST00000332859	0	0	0	0
ENST00000333229	776.005276632982	692.383772159318	776.005276632982	692.383772159318
ENST00000333337	0	0	0	0
ENST00000333634	0	0	0	0
ENST00000333781	0	0	0	0
ENST00000333892	0	0	0	0
ENST00000334046	0	0	0	0
ENST00000334055	0	0	0	0
ENST00000334058	0	0	0	0
ENST00000334063	0	0	0	0
ENST00000334067	0	0	0	0
ENST00000334068	1246.48627942939	1397.34029928264	1246.48627942939	1397.34029928264
ENST00000334151	0	0	0	0
ENST00000334160	0	0	0	0
ENST00000334165	483.654413888428	0	483.654413888428	0
ENST00000334352	0	0	0	0
ENST00000334494	2006.8214461537	1366.89707514325	2006.8214461537	1366.89707514325
ENST00000334538	0	0	0	0
ENST00000334662	0	0	0	0
ENST00000334664	0	0	0	0
ENST00000334670	0	0	0	0
ENST00000334680	0	0	0	0
ENST00000334849	0	0	0	0
ENST00000334897	0	0	0	0
ENST00000335093	0	0	0	0
ENST00000335440	0	0	0	0
ENST00000335512	0	0	0	0
ENST00000336648	556.687654828952	936.692642138992	556.687654828952	936.692642138992
ENST00000337385	0	0	0	0
ENST00000337909	0	0	0	0
ENST00000338326	0	0	0	0
ENST00000338785	499.42422545318	200.995988263205	499.42422545318	200.995988263205
ENST00000339024	0	0	0	0
ENST00000339195	689.57657886756	0	689.57657886756	0
ENST00000339659	0	0	0	0
ENST00000339775	0.00307991191260883	0.00426600500233291	0.00307991191260883	0.00426600500233291
ENST00000339818	0	0	0	0
ENST00000339944	0	0	0	0
ENST00000340344	2355.87562755017	3265.92956730124	2355.87562755017	3265.92956730124
ENST00000340345	0	0	0	0
ENST00000340648	0	0	0	0
ENST00000341322	334.178794830105	1768.41770121187	334.178794830105	1768.41770121187
ENST00000341618	606.641316022413	0	606.641316022413	0
ENST00000342101	0	0	0	0
ENST00000342108	0	0	0	0
ENST00000342136	0	608.892479683196	0	608.892479683196
ENST00000342220	0	258.645647229782	0	258.645647229782
ENST00000342449	1095.68955652128	826.073516866357	1095.68955652128	826.073516866357
ENST00000342757	234.247043356493	264.488521977858	234.247043356493	264.488521977858
ENST00000343118	0	0	0	0
ENST00000343528	0	0	0	0
ENST00000343687	0	0	0	0
ENST00000344330	2022.65573432571	0	2022.65573432571	0
ENST00000344577	0	0	0	0
ENST00000344691	1856.58955410746	1118.76480998504	1856.58955410746	1118.76480998504
ENST00000344693	849.184998113325	952.123227416238	849.184998113325	952.123227416238
ENST00000345496	1677.96942078041	2051.33992856723	1677.96942078041	2051.33992856723
ENST00000346798	816.092212501729	0	816.092212501729	0
ENST00000347667	565.222467771572	259.412996817298	565.222467771572	259.412996817298
ENST00000347800	0	0	0	0
ENST00000348354	838.14558090683	1618.68667520548	838.14558090683	1618.68667520548
ENST00000348499	0	0	0	0
ENST00000348831	0	0	0	0
ENST00000348990	0	0	0	0
ENST00000349048	4361.84492174654	4532.91184376196	4361.84492174654	4532.91184376196
ENST00000349112	0	0	0	0
ENST00000349485	0	0	0	0
ENST00000349499	256.116779862957	476.008453646718	256.116779862957	476.008453646718
ENST00000351097	387.201946844399	0	387.201946844399	0
ENST00000351429	1514.83499973976	0	1514.83499973976	0
ENST00000352133	0	910.989599975369	0	910.989599975369
ENST00000352178	0	0	0	0
ENST00000352483	5.73972294264955e-06	0	5.73972294264955e-06	0
ENST00000352957	0	2789.18403774049	0	2789.18403774049
ENST00000354192	0	0	0	0
ENST00000354250	0	0	0	0
ENST00000354333	0	0	0	0
ENST00000354749	1.00625554257484	1.86274680469412	1.00625554257484	1.86274680469412
ENST00000354828	0	0	0	0
ENST00000355153	0	0	0	0
ENST00000355189	0	0	0	0
ENST00000355459	0	0	0	0
ENST00000355480	0	0	0	0
ENST00000355666	0	0	0	0
ENST00000355680	0	436.942152237553	0	436.942152237553
ENST00000356275	0	0	0	0
ENST00000356396	0	0	0	0
ENST00000356577	0	0	0	0
ENST00000357345	0	0	0	0
ENST00000357401	0	0	0	0
ENST00000357704	0	0	0	0
ENST00000357903	0	0	0	0
ENST00000357985	0	0	0	0
ENST00000358268	0	0	0	0
ENST00000358356	0	0	0	0
ENST00000358455	14402.5882720408	5379.13978839278	14402.5882720408	5379.13978839278
ENST00000358918	0	0	0	0
ENST00000359341	0	0	0	0
ENST00000359568	32.7730829464874	8.83648564488741	32.7730829464874	8.83648564488741
ENST00000359624	0	0	0	0
ENST00000359726	0	0	0	0
ENST00000359759	0	0	0	0
ENST00000360214	0	0	0	0
ENST00000360525	740.311855455589	677.583412217682	740.311855455589	677.583412217682
ENST00000360542	0	0	0	0
ENST00000360697	482.370633601712	405.763220567549	482.370633601712	405.763220567549
ENST00000360731	0.0667623971825921	0.0995139059276597	0.0667623971825921	0.0995139059276597
ENST00000360770	0	0	0	0
ENST00000360938	1109.93214298732	1210.68823958663	1109.93214298732	1210.68823958663
ENST00000361093	1555.76107236326	0	1555.76107236326	0
ENST00000361371	266.456841754027	388.735795791528	266.456841754027	388.735795791528
ENST00000361534	1941.45476262933	545.199987147224	1941.45476262933	545.199987147224
ENST00000361802	0	0	0	0
ENST00000361866	412.387022274811	104.772507278253	412.387022274811	104.772507278253
ENST00000362077	0	0	0	0
ENST00000362160	0	0	0	0
ENST00000362728	0	23791.9009439076	0	23791.9009439076
ENST00000362828	0	0	0	0
ENST00000362936	0	0	0	0
ENST00000363092	0	0	0	0
ENST00000363343	0	0	0	0
ENST00000363884	0	0	0	0
ENST00000363922	0	0	0	0
ENST00000364155	0	0	0	0
ENST00000364942	0	0	0	0
ENST00000365114	0	0	0	0
ENST00000365369	0	0	0	0
ENST00000365469	0	0	0	0
ENST00000366093	1230.65734073676	0	1230.65734073676	0
ENST00000366423	0	5445.83115253546	0	5445.83115253546
ENST00000367071	0	0	0	0
ENST00000379571	0	0	0	0
ENST00000379960	161.094909190604	466.943139122398	161.094909190604	466.943139122398
ENST00000380008	0	0	0	0
ENST00000380010	0	0	0	0
ENST00000380095	0	0	0	0
ENST00000380221	488.222999952177	919.793882820342	488.222999952177	919.793882820342
ENST00000380276	0	0	0	0
ENST00000380328	0	0	0	0
ENST00000380486	0	458.025871377894	0	458.025871377894
ENST00000380588	0	0	0	0
ENST00000380604	0	0	0	0
ENST00000380612	0	0	0	0
ENST00000380618	0	0	0	0
ENST00000380620	0	0	0	0
ENST00000380631	0	0	0	0
ENST00000380634	1209.53770592764	0	1209.53770592764	0
ENST00000380637	0	0	0	0
ENST00000380671	0	0	0	0
ENST00000380708	0	0.00365063067894897	0	0.00365063067894897
ENST00000380713	0	0	0	0
ENST00000380747	0	0	0	0
ENST00000380748	0	0	0	0
ENST00000380749	0	0	0	0
ENST00000380800	0	0	0	0
ENST00000380900	3177.50175720116	2374.89892385461	3177.50175720116	2374.89892385461
ENST00000380931	0	0	0	0
ENST00000381132	0	0	0	0
ENST00000381135	0	0	0	0
ENST00000381151	980.824483850187	457.628019882105	980.824483850187	457.628019882105
ENST00000381181	523.136033654956	1080.97471400984	523.136033654956	1080.97471400984
ENST00000381283	0	0	0	0
ENST00000381284	0	0	0	0
ENST00000381285	0	0	0	0
ENST00000381291	0	0	0	0
ENST00000381318	110.842462228569	0	110.842462228569	0
ENST00000381540	0	0	0	0
ENST00000381554	0	0	0	0
ENST00000381679	403.534040905778	460.662867748124	403.534040905778	460.662867748124
ENST00000381692	0	0	0	0
ENST00000381815	0	1024.23069876055	0	1024.23069876055
ENST00000381831	0	0	0	0
ENST00000381839	0	0	0	0
ENST00000381947	0	0	0	0
ENST00000381995	0	0	0	0
ENST00000382238	0	0	0	0
ENST00000382264	0	0	0	0
ENST00000382348	0	0	0	0
ENST00000382357	0	0	0	0
ENST00000382373	0	0	0	0
ENST00000382375	1398.14704352922	1132.28382747373	1398.14704352922	1132.28382747373
ENST00000382377	691.637649484933	1210.62220574369	691.637649484933	1210.62220574369
ENST00000382378	417.606433039105	0	417.606433039105	0
ENST00000382491	0	4.92256513629542	0	4.92256513629542
ENST00000382499	0	0	0	0
ENST00000382549	1086.57060502729	0	1086.57060502729	0
ENST00000382699	0	0	0	0
ENST00000382751	727.492887068824	909.438254491675	727.492887068824	909.438254491675
ENST00000382822	0	0	0	0
ENST00000382826	0	0	0	0
ENST00000382828	0	0	0	0
ENST00000382830	0	0	0	0
ENST00000382835	0	0	0	0
ENST00000384075	0	0	0	0
ENST00000384369	0	0	0	0
ENST00000384370	0	0	0	0
ENST00000384418	0	0	0	0
ENST00000384685	0	0	0	0
ENST00000384745	0	0	0	0
ENST00000384772	0	0	0	0
ENST00000384906	0	0	0	0
ENST00000385060	0	0	0	0
ENST00000385128	0	0	0	0
ENST00000389124	1222.37948438787	1028.1640004793	1222.37948438787	1028.1640004793
ENST00000389125	0	0	0	0
ENST00000389194	2.32007826551	2.98088834313634	2.32007826551	2.98088834313634
ENST00000389195	601.694978265122	1289.75420388327	601.694978265122	1289.75420388327
ENST00000389690	0	0	0	0
ENST00000389861	0	0	0	0
ENST00000389863	0	0	0	0
ENST00000389995	0	0	0	0
ENST00000390235	0	0	0	0
ENST00000390689	0	0	0	0
ENST00000390690	0	0	0	0
ENST00000390834	0	0	0	0
ENST00000391177	0	0	0	0
ENST00000391262	0	0	0	0
ENST00000391307	0	0	0	0
ENST00000391617	0	0	0	0
ENST00000391618	0	0	0	0
ENST00000391620	0	0	0	0
ENST00000391621	0	0	0	0
ENST00000391624	0	0	0	0
ENST00000393804	1193.6881676608	0	1193.6881676608	0
ENST00000397184	0	2481.56170657635	0	2481.56170657635
ENST00000397628	0	0	0	0
ENST00000397637	0	398.49763624726	0	398.49763624726
ENST00000397638	0	0	0	0
ENST00000397648	0	0	0	0
ENST00000397679	667.840906569153	0	667.840906569153	0
ENST00000397680	0	0	0	0
ENST00000397682	0	0	0	0
ENST00000397683	0	0	0	0
ENST00000397691	0	0	0	0
ENST00000397692	5320.90690964162	0	5320.90690964162	0
ENST00000397694	0	0	0	0
ENST00000397701	0	1527.42342908551	0	1527.42342908551
ENST00000397708	0.000994877868881099	0.00225947124415579	0.000994877868881099	0.00225947124415579
ENST00000397728	1285.13815489365	0	1285.13815489365	0
ENST00000397743	0	0	0	0
ENST00000397746	0	0	0	0
ENST00000397748	0	0	0	0
ENST00000397763	0	0	0	0
ENST00000397787	0	0	0	0
ENST00000397826	0	2312.74994547825	0	2312.74994547825
ENST00000397841	1092.99171122452	0	1092.99171122452	0
ENST00000397846	3125.45044647571	0	3125.45044647571	0
ENST00000397850	0	0	0	0
ENST00000397852	3397.38060865191	0	3397.38060865191	0
ENST00000397854	0	0	0	0
ENST00000397857	0.280360277771455	3804.25408695534	0.280360277771455	3804.25408695534
ENST00000397886	5993.37860387464	2792.34441429971	5993.37860387464	2792.34441429971
ENST00000397887	136.467319068219	441.548095483502	136.467319068219	441.548095483502
ENST00000397893	3657.42588298477	9002.02120889025	3657.42588298477	9002.02120889025
ENST00000397898	0	0	0	0
ENST00000397907	0	0	0	0
ENST00000397911	0	0	0	0
ENST00000397916	0	0	0	0
ENST00000397928	0	0	0	0
ENST00000397932	486.1832630598	0	486.1832630598	0
ENST00000397956	0	0	0	0
ENST00000397961	0	0	0	0
ENST00000397994	0	0	0	0
ENST00000398058	912.444566717524	0	912.444566717524	0
ENST00000398061	2.65445322030537e-06	485.990244865365	2.65445322030537e-06	485.990244865365
ENST00000398063	0	0	0	0
ENST00000398078	1.86623332797667	0	1.86623332797667	0
ENST00000398081	0	1230.60809901113	0	1230.60809901113
ENST00000398085	0	3970.75318194782	0	3970.75318194782
ENST00000398098	0	0	0	0
ENST00000398116	0	0	0	0
ENST00000398132	0	0	0	0
ENST00000398133	0	0	0	0
ENST00000398137	0	0	0	0
ENST00000398158	0	2873.05515895688	0	2873.05515895688
ENST00000398165	0	0	0	0
ENST00000398168	0	0	0	0
ENST00000398208	0	0	0	0
ENST00000398224	0	0	0	0
ENST00000398225	0	0	0	0
ENST00000398227	0	0	0	0
ENST00000398229	0	0	0	0
ENST00000398232	0	0	0	0
ENST00000398234	0	0	0	0
ENST00000398236	0	0	0	0
ENST00000398341	302.954060614165	0	302.954060614165	0
ENST00000398343	0	1812.27142381154	0	1812.27142381154
ENST00000398352	0	0	0	0
ENST00000398367	1.69318455924013	1.73222242376517	1.69318455924013	1.73222242376517
ENST00000398397	0	939.086370950131	0	939.086370950131
ENST00000398405	0	0	0	0
ENST00000398431	0	0	0	0
ENST00000398437	0	0	0	0
ENST00000398449	0	0	0	0
ENST00000398457	0	1476.731016632	0	1476.731016632
ENST00000398497	2040.34624962148	0	2040.34624962148	0
ENST00000398499	0	0	0	0
ENST00000398505	0	671.700071861579	0	671.700071861579
ENST00000398511	0	0	0	0
ENST00000398548	287.554733945418	1007.6634887383	287.554733945418	1007.6634887383
ENST00000398585	0	0	0	0
ENST00000398598	4185.94041739345	15134.2984284253	4185.94041739345	15134.2984284253
ENST00000398600	1250.47676138437	0	1250.47676138437	0
ENST00000398632	600.19229300042	0	600.19229300042	0
ENST00000398646	0	0	0	0
ENST00000398647	1125.27119508131	0	1125.27119508131	0
ENST00000398652	0	0	0	0
ENST00000398714	0	0	0	0
ENST00000398753	0	0	0	0
ENST00000398897	0	0	0	0
ENST00000398905	0	0	0	0
ENST00000398907	0	0	0	0
ENST00000398910	0	0	0	0
ENST00000398911	0	0	0	0
ENST00000398919	0	0	0	0
ENST00000398925	0	0	0	0
ENST00000398927	0	0	0	0
ENST00000398928	0	0	0	0
ENST00000398930	0	0	0	0
ENST00000398932	0	0	0	0
ENST00000398934	0	0	0	0
ENST00000398938	0	436.018160676931	0	436.018160676931
ENST00000398948	0	0	0	0
ENST00000398956	0	0	0	0
ENST00000398960	0	0	0	0
ENST00000398998	0	2884.82448652812	0	2884.82448652812
ENST00000399000	397.200711619884	0	397.200711619884	0
ENST00000399001	0	538.399571440075	0	538.399571440075
ENST00000399010	936.324617565727	1562.54000433743	936.324617565727	1562.54000433743
ENST00000399017	650.5046365328	809.401212337225	650.5046365328	809.401212337225
ENST00000399098	0	0	0	0
ENST00000399102	0	0	0	0
ENST00000399103	0	0.0474811908050191	0	0.0474811908050191
ENST00000399120	838.789768574403	310.120308293682	838.789768574403	310.120308293682
ENST00000399135	0	1102.62156071586	0	1102.62156071586
ENST00000399136	0	0	0	0
ENST00000399137	0	0	0	0
ENST00000399139	2202.566548046	0	2202.566548046	0
ENST00000399149	0	2447.34869988341	0	2447.34869988341
ENST00000399151	983.152268221562	926.292230436037	983.152268221562	926.292230436037
ENST00000399191	0	0	0	0
ENST00000399201	0	0	0	0
ENST00000399205	0	0	0	0
ENST00000399207	0	0	0	0
ENST00000399208	0	0	0	0
ENST00000399212	0	0	0	0
ENST00000399215	635.707667987105	879.675161266614	635.707667987105	879.675161266614
ENST00000399237	0	0	0	0
ENST00000399240	0	0	0	0
ENST00000399272	779.583712984622	0	779.583712984622	0
ENST00000399284	0	0	0	0
ENST00000399286	0	0	0	0
ENST00000399289	0	0	0	0
ENST00000399292	0	0	0	0
ENST00000399295	0	822.306362984544	0	822.306362984544
ENST00000399299	0	0.317579312538727	0	0.317579312538727
ENST00000399312	3651.19549562342	0	3651.19549562342	0
ENST00000399338	5.5502562748e-06	1.01659555251931e-05	5.5502562748e-06	1.01659555251931e-05
ENST00000399349	0	0	0	0
ENST00000399352	0	0	0	0
ENST00000399353	0	0	0	0
ENST00000399355	0	890.065488387612	0	890.065488387612
ENST00000399358	0	0	0	0
ENST00000399367	0	0	0	0
ENST00000399442	0	0	0	0
ENST00000399784	0	0	0	0
ENST00000399804	871.837215892652	1328.53602129294	871.837215892652	1328.53602129294
ENST00000399889	0	0	0	0
ENST00000399899	0	0	0	0
ENST00000399907	0	0	0	0
ENST00000399909	0	0	0	0
ENST00000399913	0	0	0	0
ENST00000399914	0	0	0	0
ENST00000399921	0.0150158182474606	0.0075161495781359	0.0150158182474606	0.0075161495781359
ENST00000399925	0	0	0	0
ENST00000399926	0	0	0	0
ENST00000399928	448.407903898259	0	448.407903898259	0
ENST00000399934	0	0	0	0
ENST00000399935	0	0	0	0
ENST00000399947	0	0	0	0
ENST00000399973	0	0	0	0
ENST00000399975	0	0	0	0
ENST00000399976	0	0	0	0
ENST00000400014	0	0	0	0
ENST00000400043	0	0	0	0
ENST00000400075	501.373919185671	749.759726252881	501.373919185671	749.759726252881
ENST00000400087	0	0	0	0
ENST00000400090	0	0	0	0
ENST00000400093	0	0	0	0
ENST00000400094	1872.77285835908	0	1872.77285835908	0
ENST00000400099	2445.86850018876	0	2445.86850018876	0
ENST00000400117	0	0	0	0
ENST00000400127	0	0	0	0
ENST00000400128	0	0	0	0
ENST00000400131	0	0	0	0
ENST00000400135	0	0	0	0
ENST00000400165	0	0	0	0
ENST00000400166	0	0	0	0
ENST00000400169	0	0	0	0
ENST00000400178	0	0	0	0
ENST00000400183	0.000446487624752677	0.00045162362886907	0.000446487624752677	0.00045162362886907
ENST00000400199	264.147633362129	226.97040904874	264.147633362129	226.97040904874
ENST00000400202	0.0734124541518935	0.0506568061769855	0.0734124541518935	0.0506568061769855
ENST00000400211	0	0	0	0
ENST00000400274	0	0	0	0
ENST00000400304	0	0	0	0
ENST00000400305	0	0	0	0
ENST00000400308	0	0	0	0
ENST00000400309	0	0	0	0
ENST00000400310	0	0	0	0
ENST00000400314	0	0	0	0
ENST00000400337	581.320371314655	424.192185121864	581.320371314655	424.192185121864
ENST00000400353	342.007968144097	697.249961877084	342.007968144097	697.249961877084
ENST00000400362	1409.83153910216	553.352834552862	1409.83153910216	553.352834552862
ENST00000400365	0	0	0	0
ENST00000400368	0	0	0	0
ENST00000400372	0	0	0	0
ENST00000400374	0	0	0	0
ENST00000400375	0	0	0	0
ENST00000400377	0	0	0	0
ENST00000400379	0	0	0	0
ENST00000400385	286.189590947451	321.001838132086	286.189590947451	321.001838132086
ENST00000400421	0	0	0	0
ENST00000400423	0	171.092011769705	0	171.092011769705
ENST00000400424	0	0	0	0
ENST00000400427	0	0	0	0
ENST00000400454	0	0	0	0
ENST00000400477	0	0	0	0
ENST00000400485	4.33059362403845e-05	3.16446049022342e-05	4.33059362403845e-05	3.16446049022342e-05
ENST00000400532	1178.87871704496	549.568684922088	1178.87871704496	549.568684922088
ENST00000400546	0	0	0	0
ENST00000400558	0	0	0	0
ENST00000400559	0	0	0	0
ENST00000400562	0	1373.07022559628	0	1373.07022559628
ENST00000400564	642.33756864849	0	642.33756864849	0
ENST00000400566	0	0	0	0
ENST00000400577	0	0	0	0
ENST00000400583	0	0	0	0
ENST00000400819	0	0	0	0
ENST00000401402	0	0	0	0
ENST00000402202	2376.39971112459	0	2376.39971112459	0
ENST00000404019	0	0	0	0
ENST00000404220	0	0	0	0
ENST00000405436	3239.36323821371	1582.07121352951	3239.36323821371	1582.07121352951
ENST00000405964	1075.32701390819	1205.55783129304	1075.32701390819	1205.55783129304
ENST00000406229	0	0	0	0
ENST00000406413	0	0	0	0
ENST00000406538	0	0	0	0
ENST00000406845	0	0	0	0
ENST00000407739	0	0	0	0
ENST00000407780	766.220657430385	881.517021933992	766.220657430385	881.517021933992
ENST00000408471	0	0	0	0
ENST00000408910	423.651932602106	539.557746656456	423.651932602106	539.557746656456
ENST00000408914	783.927701587677	0	783.927701587677	0
ENST00000408989	0	0	0	0
ENST00000409416	0	0	0	0
ENST00000409758	1318.56465853473	2956.1896510543	1318.56465853473	2956.1896510543
ENST00000410005	0	0	0	0
ENST00000410635	0	0	0	0
ENST00000410986	0	0	0	0
ENST00000411146	0	0	0	0
ENST00000411330	0	0	0	0
ENST00000411355	0	0	0	0
ENST00000411427	1044.31058491451	0	1044.31058491451	0
ENST00000411460	0	0	0	0
ENST00000411496	0	1829.25110792803	0	1829.25110792803
ENST00000411566	0	0	0	0
ENST00000411605	0	0	0	0
ENST00000411651	0	0	0	0
ENST00000411694	0	0	0	0
ENST00000411828	0	0	0	0
ENST00000411867	0	0	0	0
ENST00000411932	742.360888539828	0	742.360888539828	0
ENST00000411943	0	0	0	0
ENST00000411956	3255.71947808776	1540.40749503388	3255.71947808776	1540.40749503388
ENST00000411989	0	0	0	0
ENST00000411998	1132.92119923774	1121.4940859794	1132.92119923774	1121.4940859794
ENST00000412102	0	0	0	0
ENST00000412240	0	0	0	0
ENST00000412426	0	0	0	0
ENST00000412442	0	0	0	0
ENST00000412526	0	0	0	0
ENST00000412579	0	0	0	0
ENST00000412604	0	0	0	0
ENST00000412833	0	0	0	0
ENST00000412906	0	1118.70664236645	0	1118.70664236645
ENST00000412914	0	0	0	0
ENST00000412942	0	0	0	0
ENST00000413017	3430.63969016263	0	3430.63969016263	0
ENST00000413131	0	0	0	0
ENST00000413190	0	0	0	0
ENST00000413645	0	0	0	0
ENST00000413718	0	0	0	0
ENST00000413721	0	0	0	0
ENST00000413758	954.233891241389	0	954.233891241389	0
ENST00000413778	0	0	0	0
ENST00000413813	2646.22741515325	5929.30252936793	2646.22741515325	5929.30252936793
ENST00000413862	6.77189238566211e-06	0	6.77189238566211e-06	0
ENST00000413881	0	0	0	0
ENST00000413933	0	0	0	0
ENST00000414079	0	0	0	0
ENST00000414189	0	0	0	0
ENST00000414486	0	0	0	0
ENST00000414582	0	0	0	0
ENST00000414617	0	0	0	0
ENST00000414659	0	0	0	0
ENST00000414699	0	0	0	0
ENST00000414818	0	0	0	0
ENST00000414877	0	0	0	0
ENST00000415023	0	0	0	0
ENST00000415026	0	0	0	0
ENST00000415143	0	0	0	0
ENST00000415147	0	0	0	0
ENST00000415182	387.454248967383	869.020064165779	387.454248967383	869.020064165779
ENST00000415238	0	1868.80517098379	0	1868.80517098379
ENST00000415269	12913.7732614789	0	12913.7732614789	0
ENST00000415820	0	0	0	0
ENST00000415824	0	0	0	0
ENST00000415847	0	0	0	0
ENST00000415863	0	0	0	0
ENST00000415997	0	0	0	0
ENST00000416002	0	0	0	0
ENST00000416034	3490.9874592617	3946.94394689482	3490.9874592617	3946.94394689482
ENST00000416044	0	0	0	0
ENST00000416067	1088.90356144836	610.53237385057	1088.90356144836	610.53237385057
ENST00000416145	0	0	0	0
ENST00000416179	0	0	0	0
ENST00000416182	0	0	0	0
ENST00000416218	0	0	0	0
ENST00000416327	0	0	0	0
ENST00000416357	0	0	0	0
ENST00000416447	0	1301.16245989612	0	1301.16245989612
ENST00000416468	0	0	0	0
ENST00000416555	0	0	0	0
ENST00000416641	0	0	0	0
ENST00000416722	0	0	0	0
ENST00000416754	0	0	0	0
ENST00000416768	0	0	0	0
ENST00000416842	0	0	0	0
ENST00000417007	0	988.683667043667	0	988.683667043667
ENST00000417042	0	0	0	0
ENST00000417060	0	0	0	0
ENST00000417133	0	0	0	0
ENST00000417138	0	0	0	0
ENST00000417181	0	0	0	0
ENST00000417335	0	0	0	0
ENST00000417564	0	0	0	0
ENST00000417820	905.732619131069	1015.50020231882	905.732619131069	1015.50020231882
ENST00000417871	0	0	0	0
ENST00000417954	0	255.964632768171	0	255.964632768171
ENST00000417963	0	0	0	0
ENST00000417979	0	0	0	0
ENST00000418018	0	0	0	0
ENST00000418029	0	0	0	0
ENST00000418103	0	0	0	0
ENST00000418301	1419.33727519502	0	1419.33727519502	0
ENST00000418336	1643.50066879403	0	1643.50066879403	0
ENST00000418394	951.417279902124	0	951.417279902124	0
ENST00000418516	0	0	0	0
ENST00000418544	0	0	0	0
ENST00000418755	0	0	0	0
ENST00000418766	0	0	0	0
ENST00000418813	0	0	0	0
ENST00000418874	0	0	0	0
ENST00000418933	0	0	0	0
ENST00000418942	0	0	0	0
ENST00000418954	0	0	0	0
ENST00000419044	0	0	0	0
ENST00000419069	0	0	0	0
ENST00000419093	0	935.872449575677	0	935.872449575677
ENST00000419219	0	0	0	0
ENST00000419241	0	0	0	0
ENST00000419299	0	0	0	0
ENST00000419324	0	0	0	0
ENST00000419378	0	0	0	0
ENST00000419431	0	0	0	0
ENST00000419461	0	0	0	0
ENST00000419467	0	0	0	0
ENST00000419522	0	0	0	0
ENST00000419628	484.561278129774	543.387276717838	484.561278129774	543.387276717838
ENST00000419664	0	0	0	0
ENST00000419694	1780.26816486988	998.018119425763	1780.26816486988	998.018119425763
ENST00000419699	1793.61169754553	0	1793.61169754553	0
ENST00000419826	0	0	0	0
ENST00000419845	541.28533499627	0	541.28533499627	0
ENST00000419868	0	0	0	0
ENST00000419881	0	0	0	0
ENST00000419906	2673.60421605918	2995.28617879583	2673.60421605918	2995.28617879583
ENST00000419921	0	7054.47650830901	0	7054.47650830901
ENST00000419943	0	0	0	0
ENST00000419952	0	0	0	0
ENST00000420068	0	0	0	0
ENST00000420072	0	0	0	0
ENST00000420074	1019.91419682415	1643.26897963308	1019.91419682415	1643.26897963308
ENST00000420186	0	0	0	0
ENST00000420241	1021.48829606141	0	1021.48829606141	0
ENST00000420255	0	0	0	0
ENST00000420273	0	0	0	0
ENST00000420364	0	0	0	0
ENST00000420455	0	0	0	0
ENST00000420666	0	0	0	0
ENST00000420685	0	0	0	0
ENST00000420877	315.545137329425	353.8788943242	315.545137329425	353.8788943242
ENST00000420965	0	0	0	0
ENST00000421049	0	0	0	0
ENST00000421051	0	0	0	0
ENST00000421454	0	0	0	0
ENST00000421541	794.369592121883	0	794.369592121883	0
ENST00000421604	0	0	0	0
ENST00000421771	0	0	0	0
ENST00000421795	0	0	0	0
ENST00000421802	0	0	0	0
ENST00000421927	0	0	0	0
ENST00000422357	0	0	0	0
ENST00000422473	0	0	0	0
ENST00000422749	0	0	0	0
ENST00000422787	0	0	0	0
ENST00000422809	0	0	0	0
ENST00000422850	0	0	0	0
ENST00000422875	505.250767296242	432.82148579099	505.250767296242	432.82148579099
ENST00000422891	0	0	0	0
ENST00000422911	1.66278583224331	0	1.66278583224331	0
ENST00000423045	769.150970641056	0	769.150970641056	0
ENST00000423089	0	0	0	0
ENST00000423206	0	0	0	0
ENST00000423214	0	626.159170100464	0	626.159170100464
ENST00000423221	0	0	0	0
ENST00000423274	0	0	0	0
ENST00000423276	0	0	0	0
ENST00000423310	0	0	0	0
ENST00000423389	0	0	0	0
ENST00000423581	182.391517749492	561.884107051642	182.391517749492	561.884107051642
ENST00000423596	0	0	0	0
ENST00000423658	0	0	0	0
ENST00000423808	0	0	0	0
ENST00000423967	5593.31757830456	0	5593.31757830456	0
ENST00000424017	0	0	0	0
ENST00000424093	0	0	0	0
ENST00000424203	0	0	0	0
ENST00000424219	0	0	0	0
ENST00000424255	0	0	0	0
ENST00000424290	0	0	0	0
ENST00000424303	0	0	0	0
ENST00000424365	0	0	0	0
ENST00000424441	0	0	0	0
ENST00000424569	492.364762280263	0	492.364762280263	0
ENST00000424582	0	0	0	0
ENST00000424733	0	0	0	0
ENST00000424837	0	0	0	0
ENST00000424890	868.190189109887	0	868.190189109887	0
ENST00000424921	2584.47767275496	2895.54996850531	2584.47767275496	2895.54996850531
ENST00000424933	3125.45044647571	0	3125.45044647571	0
ENST00000425058	0	0	0	0
ENST00000425085	0	0	0	0
ENST00000425091	0	2577.94329187046	0	2577.94329187046
ENST00000425147	8891.35237008421	21923.1653492702	8891.35237008421	21923.1653492702
ENST00000425336	2423.71109510052	2057.44636922827	2423.71109510052	2057.44636922827
ENST00000425376	0	0	0	0
ENST00000425521	0	3714.90580491826	0	3714.90580491826
ENST00000425979	0	0	0	0
ENST00000426029	0	0	0	0
ENST00000426418	0	0	0	0
ENST00000426534	0	0	0	0
ENST00000426537	1142.40557061031	1239.93746965522	1142.40557061031	1239.93746965522
ENST00000426578	0	0	0	0
ENST00000426609	0	7147.60209452245	0	7147.60209452245
ENST00000426672	0	0	0	0
ENST00000426771	0	0	0	0
ENST00000426783	0	0	0	0
ENST00000426819	0	0	0	0
ENST00000426935	0	1368.85262875341	0	1368.85262875341
ENST00000426942	0	0	0	0
ENST00000426947	0	0	0	0
ENST00000427022	0	0	0	0
ENST00000427188	0	0	0	0
ENST00000427301	0	0	0	0
ENST00000427445	0	0	0	0
ENST00000427446	0	0	0	0
ENST00000427447	467.700989755321	275.225247074062	467.700989755321	275.225247074062
ENST00000427451	0	0	0	0
ENST00000427464	0	8.58434689973432	0	8.58434689973432
ENST00000427491	0	0	0	0
ENST00000427746	0	833.218016035463	0	833.218016035463
ENST00000427757	5384.34460299596	0	5384.34460299596	0
ENST00000427803	0	0	0	0
ENST00000427839	0	0	0	0
ENST00000427911	0	0	0	0
ENST00000428205	0	0	0	0
ENST00000428240	0	0	0	0
ENST00000428242	0	0	0	0
ENST00000428301	0	0	0	0
ENST00000428410	0	0	0	0
ENST00000428576	0	0	0	0
ENST00000428667	0	0	0	0
ENST00000428669	0	0	0	0
ENST00000428689	0	0	0	0
ENST00000428693	940.907621429782	0	940.907621429782	0
ENST00000428809	0	0	0	0
ENST00000428914	1615.25502793212	0	1615.25502793212	0
ENST00000429033	0	0	0	0
ENST00000429064	0	0	0	0
ENST00000429093	1523.22284863513	0.196112796391254	1523.22284863513	0.196112796391254
ENST00000429114	0	0	0	0
ENST00000429132	3029.30830198058	2240.6457548766	3029.30830198058	2240.6457548766
ENST00000429161	0	0	0	0
ENST00000429236	761.213357493166	1322.03491734189	761.213357493166	1322.03491734189
ENST00000429238	0	0	0	0
ENST00000429271	5396.70328048791	2016.11865761138	5396.70328048791	2016.11865761138
ENST00000429327	0	0	0	0
ENST00000429340	0	0	0	0
ENST00000429427	0	1097.52759603884	0	1097.52759603884
ENST00000429512	0	0	0	0
ENST00000429521	0	0	0	0
ENST00000429588	1079.82015858332	2421.18546239154	1079.82015858332	2421.18546239154
ENST00000429621	0	0	0	0
ENST00000429727	0	0	0	0
ENST00000429739	0	0	0	0
ENST00000429827	0	0	0	0
ENST00000429843	0	3759.25491434979	0	3759.25491434979
ENST00000429903	0	0	0	0
ENST00000430001	0	0	0	0
ENST00000430013	0	0	0	0
ENST00000430060	0	0	0	0
ENST00000430064	0	0	0	0
ENST00000430068	0	3302.41237843501	0	3302.41237843501
ENST00000430093	0	2.38813754037319	0	2.38813754037319
ENST00000430181	0	0	0	0
ENST00000430247	0	0	0	0
ENST00000430259	1686.34407347953	1418.33979761522	1686.34407347953	1418.33979761522
ENST00000430327	0	0	0	0
ENST00000430354	2025.95364557692	2020.76990926433	2025.95364557692	2020.76990926433
ENST00000430391	1279.39797872763	1434.21425043093	1279.39797872763	1434.21425043093
ENST00000430401	0	3379.41537121229	0	3379.41537121229
ENST00000430538	0	0	0	0
ENST00000430607	0	0	0	0
ENST00000430635	0	0	0	0
ENST00000430792	503.196135115319	2563.70509912149	503.196135115319	2563.70509912149
ENST00000430815	0	0	0	0
ENST00000430860	0	0	0	0
ENST00000430874	0	0	0	0
ENST00000430922	0	909.940355731125	0	909.940355731125
ENST00000431150	6518.25858573248	0	6518.25858573248	0
ENST00000431166	0	0	0	0
ENST00000431167	0	0	0	0
ENST00000431177	0	0	0	0
ENST00000431216	598.724053564673	0	598.724053564673	0
ENST00000431229	0	0	0	0
ENST00000431234	3910.76253616889	2192.28827218871	3910.76253616889	2192.28827218871
ENST00000431254	0	0	0	0
ENST00000431297	0	0	0	0
ENST00000431390	0	0	0	0
ENST00000431599	0	0	0	0
ENST00000431628	0	0	0	0
ENST00000431661	0	0	0	0
ENST00000431743	0	0	0	0
ENST00000431829	0	0	0	0
ENST00000431901	0	0	0	0
ENST00000432085	0	0	0	0
ENST00000432141	0	0	0	0
ENST00000432178	4069.9814143569	2324.06431545342	4069.9814143569	2324.06431545342
ENST00000432230	422.046026666207	314.549930557335	422.046026666207	314.549930557335
ENST00000432231	0	0	0	0
ENST00000432278	0	0	0	0
ENST00000432378	0	0	0	0
ENST00000432411	5701.09585367063	9579.81035298241	5701.09585367063	9579.81035298241
ENST00000432412	0	0	0	0
ENST00000432504	0	0	0	0
ENST00000432621	852.92187438239	1718.56517687712	852.92187438239	1718.56517687712
ENST00000432735	0	0	0	0
ENST00000432830	0	0	0	0
ENST00000432875	0	0	0	0
ENST00000432907	0	0	0	0
ENST00000432988	1454.30654515476	459.705623448633	1454.30654515476	459.705623448633
ENST00000433067	0	0	0	0
ENST00000433071	0	1343.3740036172	0	1343.3740036172
ENST00000433101	0	0	0	0
ENST00000433210	0	0	0	0
ENST00000433303	0	0	0	0
ENST00000433310	0	0	0	0
ENST00000433312	0	0	0	0
ENST00000433344	0	0	0	0
ENST00000433378	0	0	0	0
ENST00000433383	0	0	0	0
ENST00000433395	0	0	0	0
ENST00000433427	2371.06636833311	0	2371.06636833311	0
ENST00000433465	0	0	0	0
ENST00000433524	0	0	0	0
ENST00000433588	0	0	0	0
ENST00000433806	0	437.519774928798	0	437.519774928798
ENST00000433840	0	0	0	0
ENST00000433931	0	0	0	0
ENST00000433951	830.09153295543	930.723096901748	830.09153295543	930.723096901748
ENST00000433952	0	0	0	0
ENST00000433957	0	0	0	0
ENST00000434081	0	0	0	0
ENST00000434195	0	0	0	0
ENST00000434281	0	0	0	0
ENST00000434589	0	0	0	0
ENST00000434667	0	0	0	0
ENST00000434853	0	0	0	0
ENST00000434859	2307.47758016897	0	2307.47758016897	0
ENST00000435001	0	0	0	0
ENST00000435072	0	0	0	0
ENST00000435181	0	0	0	0
ENST00000435279	0	0	0	0
ENST00000435315	0	3342.52993073115	0	3342.52993073115
ENST00000435323	0	0	0	0
ENST00000435493	0	0	0	0
ENST00000435590	0	0	0	0
ENST00000435600	0	0	0	0
ENST00000435608	0	0	0	0
ENST00000435611	0	0	0	0
ENST00000435697	0	0	0	0
ENST00000435702	0	0	0	0
ENST00000435722	0	0.0148088209350801	0	0.0148088209350801
ENST00000435732	0	0	0	0
ENST00000435738	0	0	0	0
ENST00000435744	0	0	0	0
ENST00000435878	0	0	0	0
ENST00000436227	0	0	0	0
ENST00000436303	0	0	0	0
ENST00000436324	0	0	0	0
ENST00000436357	0	0	0	0
ENST00000436359	0	0	0	0
ENST00000436373	0	0	0	0
ENST00000436405	0	0	0	0
ENST00000436410	1001.25603103596	0	1001.25603103596	0
ENST00000436429	0	0	0	0
ENST00000436529	0	1377.420059003	0	1377.420059003
ENST00000436765	0	0	0	0
ENST00000436769	647.940502993283	0	647.940502993283	0
ENST00000436845	0	0	0	0
ENST00000436878	0	0	0	0
ENST00000437106	748.362674114432	839.116566539309	748.362674114432	839.116566539309
ENST00000437109	0	0	0	0
ENST00000437126	0	0	0	0
ENST00000437180	0	504.520572691501	0	504.520572691501
ENST00000437194	0	0	0	0
ENST00000437238	0	0	0	0
ENST00000437258	0	2536.08467239231	0	2536.08467239231
ENST00000437262	966.71874854418	1083.84818562793	966.71874854418	1083.84818562793
ENST00000437338	0	0	0	0
ENST00000437395	0	0	0	0
ENST00000437426	0	0	0	0
ENST00000437492	1143.52838773599	3845.94105075567	1143.52838773599	3845.94105075567
ENST00000437557	1710.40848918889	2372.17929318512	1710.40848918889	2372.17929318512
ENST00000437626	0	0	0	0
ENST00000437996	0	0	0	0
ENST00000438055	0	0	0	0
ENST00000438059	0	2305.50046803648	0	2305.50046803648
ENST00000438328	0	0	0	0
ENST00000438404	0	0	0	0
ENST00000438657	656.161872097002	495.457331945776	656.161872097002	495.457331945776
ENST00000438788	0	0	0	0
ENST00000438837	0	0	0	0
ENST00000438852	0	0	0	0
ENST00000438952	1706.11317128069	0	1706.11317128069	0
ENST00000439088	0	0	0	0
ENST00000439107	0	0	0	0
ENST00000439213	2691.91858734084	3583.48775746205	2691.91858734084	3583.48775746205
ENST00000439274	839.105772875555	1904.38266614489	839.105772875555	1904.38266614489
ENST00000439392	0	0	0	0
ENST00000439427	0	0	0	0
ENST00000439593	2196.41625618666	0	2196.41625618666	0
ENST00000439840	0	0	0	0
ENST00000439851	0	0	0	0
ENST00000440052	926.275498906991	265.328652267577	926.275498906991	265.328652267577
ENST00000440086	0	0	0	0
ENST00000440126	0	0	0	0
ENST00000440205	1372.24278951273	0	1372.24278951273	0
ENST00000440221	0	0	0	0
ENST00000440288	0	0	0	0
ENST00000440363	0	0	0	0
ENST00000440372	0	0	0	0
ENST00000440379	0	0	0	0
ENST00000440403	0	0	0	0
ENST00000440405	0	0	0	0
ENST00000440526	2613.81689817141	0	2613.81689817141	0
ENST00000440620	0	0	0	0
ENST00000440629	0	5036.44087213478	0	5036.44087213478
ENST00000440664	0	0	0	0
ENST00000440714	0	0	0	0
ENST00000440794	0	0	0	0
ENST00000440810	0	0	0	0
ENST00000440966	2.02940383404831	0	2.02940383404831	0
ENST00000441009	304.753997582834	341.778429869067	304.753997582834	341.778429869067
ENST00000441013	0	0	0	0
ENST00000441030	0	0	0	0
ENST00000441095	1907.98653100487	1866.01913086118	1907.98653100487	1866.01913086118
ENST00000441128	0	0	0	0
ENST00000441268	0	0	0	0
ENST00000441283	0	0	0	0
ENST00000441379	1598.97008397598	472.456859165573	1598.97008397598	472.456859165573
ENST00000441403	0	0	0	0
ENST00000441465	0	0	0	0
ENST00000441666	0	0	0	0
ENST00000441677	4545.98381203168	988.092602528878	4545.98381203168	988.092602528878
ENST00000441759	0	0	0	0
ENST00000441787	0	0	0	0
ENST00000441820	0	0	0	0
ENST00000441910	0	0	0	0
ENST00000441940	0	0	0	0
ENST00000441947	0	0	0	0
ENST00000442071	0	0	0	0
ENST00000442192	0	0	0	0
ENST00000442212	0	0	0	0
ENST00000442434	3064.63893331825	0	3064.63893331825	0
ENST00000442441	0	0	0	0
ENST00000442448	0	0	0	0
ENST00000442550	0	0	0	0
ENST00000442559	0	0	0	0
ENST00000442605	1938.3234402218	4344.48525828153	1938.3234402218	4344.48525828153
ENST00000442660	0	0	0	0
ENST00000442773	0	0	0	0
ENST00000442785	0	0	0	0
ENST00000442815	886.725854403711	1325.94377088809	886.725854403711	1325.94377088809
ENST00000443046	0	0	0	0
ENST00000443073	0	0	0	0
ENST00000443300	826.551615659969	926.75548555246	826.551615659969	926.75548555246
ENST00000443341	0	0	0	0
ENST00000443408	0	0	0	0
ENST00000443479	0	0	0	0
ENST00000443485	100.502591500982	112.278595222836	100.502591500982	112.278595222836
ENST00000443486	0	0	0	0
ENST00000443620	0	0	0	0
ENST00000443703	0	0	0	0
ENST00000443742	0	0	0	0
ENST00000443785	0	0	0	0
ENST00000444036	0	0	0	0
ENST00000444046	0	0	0	0
ENST00000444130	2982.12258369198	3340.47017430346	2982.12258369198	3340.47017430346
ENST00000444161	0	0	0	0
ENST00000444178	0	0	0	0
ENST00000444306	0	0	0	0
ENST00000444335	0	0	0	0
ENST00000444356	0	0	0	0
ENST00000444409	0	3914.26156174606	0	3914.26156174606
ENST00000444491	0	0	0	0
ENST00000444517	0	0	0	0
ENST00000444868	0	3302.41237843501	0	3302.41237843501
ENST00000444889	0	0	0	0
ENST00000444901	276.298487735364	309.869765841036	276.298487735364	309.869765841036
ENST00000444966	0	0	0	0
ENST00000444977	0	0	0	0
ENST00000444998	768.380457719002	1292.55066658107	768.380457719002	1292.55066658107
ENST00000445049	0	0	0	0
ENST00000445197	0	0	0	0
ENST00000445242	0	0	0	0
ENST00000445245	0	0.000109796275437777	0	0.000109796275437777
ENST00000445258	0	0	0	0
ENST00000445341	0	0	0	0
ENST00000445393	0	0	0	0
ENST00000445440	0	0	0	0
ENST00000445461	0	0	0	0
ENST00000445464	0	0	0	0
ENST00000445481	0	0	0	0
ENST00000445582	3045.12339766351	0	3045.12339766351	0
ENST00000445668	0	0	0	0
ENST00000445724	0	0	0	0
ENST00000445935	0	0	0	0
ENST00000446166	0	0	0	0
ENST00000446301	0	0	0	0
ENST00000446404	2124.20104677156	0	2124.20104677156	0
ENST00000446405	0	0	0	0
ENST00000446475	0	0	0	0
ENST00000446649	0	0	0	0
ENST00000446910	0	0	0	0
ENST00000446924	0	0	0	0
ENST00000447016	405.447754558746	0.136048949276572	405.447754558746	0.136048949276572
ENST00000447037	0	0	0	0
ENST00000447052	0	1540.95671847396	0	1540.95671847396
ENST00000447125	2550.37856711943	1429.49892860783	2550.37856711943	1429.49892860783
ENST00000447175	0	0	0	0
ENST00000447177	986.549565843344	0	986.549565843344	0
ENST00000447207	0	293.58997198075	0	293.58997198075
ENST00000447384	0	0	0	0
ENST00000447405	0	0	0	0
ENST00000447535	0	0	0	0
ENST00000447844	3306.28243036279	12970.1420098165	3306.28243036279	12970.1420098165
ENST00000447861	251.310540697598	281.84880162376	251.310540697598	281.84880162376
ENST00000447938	0	0	0	0
ENST00000447939	0	5155.88658374093	0	5155.88658374093
ENST00000447980	2814.22115257937	2879.25107145041	2814.22115257937	2879.25107145041
ENST00000447985	1026.20603591177	1150.77349603111	1026.20603591177	1150.77349603111
ENST00000448049	0	0	0	0
ENST00000448054	0	0	0	0
ENST00000448063	0	0	0	0
ENST00000448152	0	0	0	0
ENST00000448247	166.142585490664	587.664807113286	166.142585490664	587.664807113286
ENST00000448287	0	0	0	0
ENST00000448288	0	0	0	0
ENST00000448340	0	0	0	0
ENST00000448463	1281.51276146473	0	1281.51276146473	0
ENST00000448579	0	0	0	0
ENST00000448649	2385.65851363328	2673.03501773835	2385.65851363328	2673.03501773835
ENST00000448832	0	0	0	0
ENST00000448845	0	4001.42943574127	0	4001.42943574127
ENST00000448850	0	1244.26213437102	0	1244.26213437102
ENST00000448908	0	0	0	0
ENST00000448927	891.95994038272	1384.61355146602	891.95994038272	1384.61355146602
ENST00000449165	0	0	0	0
ENST00000449214	0	0	0	0
ENST00000449339	1130.16868936528	844.95474701246	1130.16868936528	844.95474701246
ENST00000449395	144.258486757454	0	144.258486757454	0
ENST00000449478	0	0	0	0
ENST00000449491	2633.85408468735	1121.34493147629	2633.85408468735	1121.34493147629
ENST00000449602	0	0	0	0
ENST00000449622	0	0	0	0
ENST00000449640	0	0	0	0
ENST00000449713	0	0	0	0
ENST00000449746	0	0	0	0
ENST00000449840	0	0	0	0
ENST00000449877	0	0	0	0
ENST00000449923	0	0	0	0
ENST00000449949	0	0	0	0
ENST00000450007	0	2829.59658174759	0	2829.59658174759
ENST00000450079	0	0	0	0
ENST00000450121	1043.48599030801	0	1043.48599030801	0
ENST00000450190	0.975626062955995	1.58562286073533	0.975626062955995	1.58562286073533
ENST00000450205	0	0	0	0
ENST00000450351	0	0	0	0
ENST00000450472	2034.9331496997	0	2034.9331496997	0
ENST00000450533	0	0	0	0
ENST00000450653	0	0	0	0
ENST00000450769	0	0	0	0
ENST00000450823	0	0	0	0
ENST00000450830	0	0	0	0
ENST00000450880	0	0	0	0
ENST00000450895	0	0	0	0
ENST00000450928	0	0	0	0
ENST00000450936	1904.98441664688	0	1904.98441664688	0
ENST00000451035	0	0	0	0
ENST00000451052	0	0	0	0
ENST00000451065	0	0	0	0
ENST00000451131	0	0	0	0
ENST00000451211	0	0	0	0
ENST00000451248	0	0	0	0
ENST00000451410	0	0	0	0
ENST00000451462	0	0	0	0
ENST00000451489	0	2280.47854584347	0	2280.47854584347
ENST00000451543	0	0	0	0
ENST00000451615	0	2803.69103461189	0	2803.69103461189
ENST00000451618	0	429.785511607274	0	429.785511607274
ENST00000451645	0	0	0	0
ENST00000451655	0	0	0	0
ENST00000451663	0	0	0	0
ENST00000451686	0	0	0	0
ENST00000451820	0	0	0	0
ENST00000451980	0	0	0	0
ENST00000452028	0	0	0	0
ENST00000452420	0	0	0	0
ENST00000452460	0	0	0	0
ENST00000452500	0	0	0	0
ENST00000452550	0	0	0	0
ENST00000452561	0	0	0	0
ENST00000452572	1087.39275885752	0	1087.39275885752	0
ENST00000452969	0	0	0	0
ENST00000453032	0	0	0	0
ENST00000453159	585.574178811182	0	585.574178811182	0
ENST00000453420	464.170370692119	266.969020086282	464.170370692119	266.969020086282
ENST00000453500	0	0	0	0
ENST00000453549	0	1463.1726345896	0	1463.1726345896
ENST00000453553	0	0	0	0
ENST00000453626	6.83325901566661e-05	0.00010136349846487	6.83325901566661e-05	0.00010136349846487
ENST00000453699	0	0	0	0
ENST00000453716	0	0	0	0
ENST00000453784	2248.14134761247	2161.37691673526	2248.14134761247	2161.37691673526
ENST00000453802	0	2161.4440701343	0	2161.4440701343
ENST00000453844	2646.22741515325	2964.65126468397	2646.22741515325	2964.65126468397
ENST00000453910	0	0	0	0
ENST00000454115	5766.0129821811	0	5766.0129821811	0
ENST00000454128	1209.53770592764	1355.94219663817	1209.53770592764	1355.94219663817
ENST00000454157	0	0	0	0
ENST00000454182	0	0	0	0
ENST00000454245	0	0	0	0
ENST00000454365	0	0	0	0
ENST00000454482	0	0	0	0
ENST00000454499	0	0	0	0
ENST00000454567	0	0	0	0
ENST00000454622	0	0	0	0
ENST00000454737	0	0	0	0
ENST00000454795	0	0	0	0
ENST00000454800	0	608.822583278025	0	608.822583278025
ENST00000454921	0	0	0	0
ENST00000454980	1635.70222379693	0	1635.70222379693	0
ENST00000455028	0	0	0	0
ENST00000455097	0	0	0	0
ENST00000455116	0	0	0	0
ENST00000455164	3344.70104914924	0	3344.70104914924	0
ENST00000455170	0	0	0	0
ENST00000455177	0	0	0	0
ENST00000455253	0	0	0	0
ENST00000455275	0	0	0	0
ENST00000455354	0	0	0	0
ENST00000455391	0	0	0	0
ENST00000455392	0	0	0	0
ENST00000455508	0	0	0	0
ENST00000455528	0	0	0	0
ENST00000455567	2271.8139628617	808.803938481882	2271.8139628617	808.803938481882
ENST00000455571	0	3008.12703080893	0	3008.12703080893
ENST00000455701	0	0	0	0
ENST00000455813	0	0	0	0
ENST00000455867	0	254.513659448174	0	254.513659448174
ENST00000455939	0	0	0	0
ENST00000456017	0	0	0	0
ENST00000456084	0	0	0	0
ENST00000456342	0	0	0	0
ENST00000456489	0	0	0	0
ENST00000456507	0	0	0	0
ENST00000456613	0	0	0	0
ENST00000456705	0	0	0	0
ENST00000456825	0	0	0	0
ENST00000456880	0	0	0	0
ENST00000456904	0	0	0	0
ENST00000456917	9793.25466337019	10981.872477364	9793.25466337019	10981.872477364
ENST00000456957	0	4410.59110242204	0	4410.59110242204
ENST00000456966	835.635151972429	0	835.635151972429	0
ENST00000457068	0	0	0	0
ENST00000457143	1872.77285835908	0	1872.77285835908	0
ENST00000457157	0	0	0	0
ENST00000457162	1252.52761875018	0	1252.52761875018	0
ENST00000457208	0	0	0	0
ENST00000457325	0	0	0	0
ENST00000457359	369.540237709238	828.847387252612	369.540237709238	828.847387252612
ENST00000457565	0	0	0	0
ENST00000457669	0	0	0	0
ENST00000457709	0	0	0	0
ENST00000457807	0	0	0	0
ENST00000457828	0.0612262769988401	931.541488480349	0.0612262769988401	931.541488480349
ENST00000457881	0	0	0	0
ENST00000457905	0	0	0	0
ENST00000457956	0	0	0	0
ENST00000458015	0	0	0	0
ENST00000458138	0	0	0	0
ENST00000458223	0	0	0	0
ENST00000458295	0	0	0	0
ENST00000458316	0	917.950866170636	0	917.950866170636
ENST00000458356	0	0	0	0
ENST00000458387	0	0	0	0
ENST00000458479	0	322.140798459172	0	322.140798459172
ENST00000458495	0	0	0	0
ENST00000458654	0	0	0	0
ENST00000458922	22797.7176771739	22798.3440318305	22797.7176771739	22798.3440318305
ENST00000458992	0	0	0	0
ENST00000459639	421.935764512977	459.004630714074	421.935764512977	459.004630714074
ENST00000459741	337.422525682154	0	337.422525682154	0
ENST00000459833	0	0	0	0
ENST00000459895	0	0	0	0
ENST00000459909	1750.17002496211	0	1750.17002496211	0
ENST00000459922	0	0	0	0
ENST00000459939	1292.19241808529	0	1292.19241808529	0
ENST00000460011	0	0	0	0
ENST00000460020	0	0	0	0
ENST00000460174	0	0	0	0
ENST00000460207	0	0	0	0
ENST00000460212	0	0	0	0
ENST00000460259	0	0	0	0
ENST00000460305	0	3033.20957003216	0	3033.20957003216
ENST00000460328	1948.0642864843	0	1948.0642864843	0
ENST00000460521	0	0	0	0
ENST00000460557	0	0	0	0
ENST00000460679	0	0	0	0
ENST00000460704	0	0	0	0
ENST00000460734	330.193661890697	0	330.193661890697	0
ENST00000460740	2438.09394478209	1366.59674482839	2438.09394478209	1366.59674482839
ENST00000460783	376.357142243666	0	376.357142243666	0
ENST00000460883	0	0	0	0
ENST00000460886	0	0	0	0
ENST00000460905	0	0	0	0
ENST00000460932	0	0	0	0
ENST00000460989	0	1504.48783877476	0	1504.48783877476
ENST00000461088	0	0	0	0
ENST00000461123	0	0	0	0
ENST00000461281	0	0	0	0
ENST00000461686	781.934041227075	0	781.934041227075	0
ENST00000461785	0	0	0	0
ENST00000461889	0	0	0	0
ENST00000462050	0	0	0	0
ENST00000462212	0	0	0	0
ENST00000462214	0	0	0	0
ENST00000462224	0	0	0	0
ENST00000462262	0	968.021610133523	0	968.021610133523
ENST00000462267	0	0	0	0
ENST00000462274	0	0	0	0
ENST00000462349	898.385821135609	0	898.385821135609	0
ENST00000462467	0	0	0	0
ENST00000462566	0	0	0	0
ENST00000462569	0	1480.61149910935	0	1480.61149910935
ENST00000462571	0	0	0	0
ENST00000462742	212.129634022128	289.104910857671	212.129634022128	289.104910857671
ENST00000463060	0	0	0	0
ENST00000463070	0	0	0	0
ENST00000463099	0	0	0	0
ENST00000463138	0	0	0	0
ENST00000463216	2324.77557222654	0	2324.77557222654	0
ENST00000463276	0	0	0	0
ENST00000463599	0	0	0	0
ENST00000463631	0	0	0	0
ENST00000463668	521.165469258421	450.002095864757	521.165469258421	450.002095864757
ENST00000463674	0	0	0	0
ENST00000463771	0	0	0	0
ENST00000463807	1022.83594426749	1146.73623784984	1022.83594426749	1146.73623784984
ENST00000463902	3572.93135157636	993.38292729399	3572.93135157636	993.38292729399
ENST00000463917	0	0	0	0
ENST00000464037	0	0	0	0
ENST00000464058	1339.75735268718	0	1339.75735268718	0
ENST00000464078	0	0	0	0
ENST00000464215	0	0	0	0
ENST00000464256	0	0	0	0
ENST00000464265	731.380631022476	443.953038402792	731.380631022476	443.953038402792
ENST00000464357	0	0	0	0
ENST00000464435	1157.18289725854	1297.28025186917	1157.18289725854	1297.28025186917
ENST00000464589	0	0	0	0
ENST00000464664	0	1523.88798487052	0	1523.88798487052
ENST00000464750	0	0	0	0
ENST00000464778	1923.89346178115	1343.95924054247	1923.89346178115	1343.95924054247
ENST00000464867	0	0	0	0
ENST00000465077	0	0	0	0
ENST00000465143	0	0	0	0
ENST00000465326	0	474.501100890039	0	474.501100890039
ENST00000465356	3510.72228035114	1468.11310790153	3510.72228035114	1468.11310790153
ENST00000465532	0	0	0	0
ENST00000465574	0	0	0	0
ENST00000465732	0.00755616273539473	0.00905848132742693	0.00755616273539473	0.00905848132742693
ENST00000465834	181.987036434179	1213.13204688274	181.987036434179	1213.13204688274
ENST00000465905	0	0	0	0
ENST00000465955	0	0	0	0
ENST00000465968	0	0	0	0
ENST00000465978	0	0	0	0
ENST00000466122	927.415930964053	0	927.415930964053	0
ENST00000466134	252.20806827477	934.294820897813	252.20806827477	934.294820897813
ENST00000466285	0	0	0	0
ENST00000466328	0	0	0	0
ENST00000466434	0	0	0	0
ENST00000466453	0	0	0	0
ENST00000466472	0	3064.60720730991	0	3064.60720730991
ENST00000466474	381.031450152847	0	381.031450152847	0
ENST00000466639	0	872.183621185688	0	872.183621185688
ENST00000466746	0	0	0	0
ENST00000466787	122.236699174251	0	122.236699174251	0
ENST00000466846	1213.29765819409	469.50251807283	1213.29765819409	469.50251807283
ENST00000466861	0	0	0	0
ENST00000466882	62.8662523404903	789.990422553897	62.8662523404903	789.990422553897
ENST00000466954	0	0	0	0
ENST00000467026	0	0	0	0
ENST00000467060	0	4685.79619275355	0	4685.79619275355
ENST00000467074	0	730.137682199682	0	730.137682199682
ENST00000467112	0	0	0	0
ENST00000467162	1234.5767661378	0	1234.5767661378	0
ENST00000467280	0	0	0	0
ENST00000467315	0	0	0	0
ENST00000467358	1484.70834602026	1882.42549946093	1484.70834602026	1882.42549946093
ENST00000467403	0	0	0	0
ENST00000467409	0	0	0	0
ENST00000467445	0	0	0	0
ENST00000467510	0	0	0	0
ENST00000467565	0	0	0	0
ENST00000467573	0	0	0	0
ENST00000467575	0	0	0	0
ENST00000467577	0	0	0	0
ENST00000467616	0	1734.40646658464	0	1734.40646658464
ENST00000467692	0	0	0	0
ENST00000467731	553.583411078276	1229.68493818483	553.583411078276	1229.68493818483
ENST00000467818	0	0	0	0
ENST00000467908	126.365985702767	0	126.365985702767	0
ENST00000468009	0	0	0	0
ENST00000468016	0	0	0	0
ENST00000468039	0	0	0	0
ENST00000468059	0	0	0	0
ENST00000468090	0.0367264589639523	1.20455672375168	0.0367264589639523	1.20455672375168
ENST00000468349	919.700383162031	0	919.700383162031	0
ENST00000468360	0	0	0	0
ENST00000468392	6284.84455069044	1087.87978247197	6284.84455069044	1087.87978247197
ENST00000468429	0	0	0	0
ENST00000468474	0	0	0	0
ENST00000468506	2687.40575733244	3012.51550019064	2687.40575733244	3012.51550019064
ENST00000468508	1264.63406450337	0	1264.63406450337	0
ENST00000468643	0	0	0	0
ENST00000468717	0	0	0	0
ENST00000468726	0	0	0	0
ENST00000468788	0	0	0	0
ENST00000468805	0	0	0	0
ENST00000468864	123.993403739669	246.066602901365	123.993403739669	246.066602901365
ENST00000468874	1412.23686341702	1583.03477081515	1412.23686341702	1583.03477081515
ENST00000468924	0	0	0	0
ENST00000468982	0	0	0	0
ENST00000469079	0	0	0	0
ENST00000469087	0	538.341338485278	0	538.341338485278
ENST00000469240	0	0	0	0
ENST00000469393	0	0	0	0
ENST00000469395	0	0	0	0
ENST00000469412	0	0	0	0
ENST00000469482	543.586013553701	0	543.586013553701	0
ENST00000469521	0	0	0	0
ENST00000469658	0	0	0	0
ENST00000469939	0	0	0	0
ENST00000470029	0	2129.68310335987	0	2129.68310335987
ENST00000470054	0	506.661669899415	0	506.661669899415
ENST00000470108	0	0	0	0
ENST00000470196	0	0	0	0
ENST00000470450	0	0	0	0
ENST00000470533	0	0	0	0
ENST00000470545	0	1177.28801222941	0	1177.28801222941
ENST00000470586	0	0	0	0
ENST00000470658	0	0	0	0
ENST00000470682	0	0	0	0
ENST00000470742	0	0	0	0
ENST00000470800	0	0	0	0
ENST00000470864	0	0	0	0
ENST00000470886	695.484502443758	390.011847992467	695.484502443758	390.011847992467
ENST00000470912	0	0	0	0
ENST00000470944	993.958464001472	1844.37473466179	993.958464001472	1844.37473466179
ENST00000470987	0	0	0	0
ENST00000471250	0	0	0	0
ENST00000471260	0	1974.90991492905	0	1974.90991492905
ENST00000471269	0	1588.78909026972	0	1588.78909026972
ENST00000471277	3363.31094191625	0	3363.31094191625	0
ENST00000471407	0	0	0	0
ENST00000471468	0	0	0	0
ENST00000471490	203.593675753641	242.409823715039	203.593675753641	242.409823715039
ENST00000471540	0	0	0	0
ENST00000471689	0	0	0	0
ENST00000471860	0	2584.68529536884	0	2584.68529536884
ENST00000471902	0	0	0	0
ENST00000471909	0	3651.88923569811	0	3651.88923569811
ENST00000472184	0	0	0	0
ENST00000472191	0	0	0	0
ENST00000472272	0	0	0	0
ENST00000472318	1248.49357337476	0	1248.49357337476	0
ENST00000472364	1124.85111761897	1594.10835279924	1124.85111761897	1594.10835279924
ENST00000472398	363.988472514457	0	363.988472514457	0
ENST00000472401	0	0	0	0
ENST00000472429	0	0	0	0
ENST00000472548	0	0	0	0
ENST00000472557	0	1560.31127402646	0	1560.31127402646
ENST00000472587	0	0	0	0
ENST00000472588	0	703.941806885381	0	703.941806885381
ENST00000472602	0	0	0	0
ENST00000472607	0	0	0	0
ENST00000472777	0	0	0	0
ENST00000473102	0	0	0	0
ENST00000473107	0	0	0	0
ENST00000473212	0	371.570413386977	0	371.570413386977
ENST00000473381	0	0	0	0
ENST00000473752	0	0	0	0
ENST00000473813	0	0	0	0
ENST00000473988	0	1922.5158679768	0	1922.5158679768
ENST00000474011	0	0	0	0
ENST00000474114	0	901.868223266169	0	901.868223266169
ENST00000474132	0	0	0	0
ENST00000474136	0	0	0	0
ENST00000474272	0	0	0	0
ENST00000474319	0	0	0	0
ENST00000474336	1861.51075841528	1547.42957418972	1861.51075841528	1547.42957418972
ENST00000474355	3384.31453304538	0	3384.31453304538	0
ENST00000474368	575.143768209615	967.533947091286	575.143768209615	967.533947091286
ENST00000474455	405.359075508479	1113.02276702617	405.359075508479	1113.02276702617
ENST00000474596	0	0	0	0
ENST00000474735	0	0	0	0
ENST00000474737	0	2145.44604664985	0	2145.44604664985
ENST00000474775	0	0	0	0
ENST00000474835	0	950.292631816005	0	950.292631816005
ENST00000475009	0	0	0	0
ENST00000475045	0	0	0	0
ENST00000475047	780.251092339706	810.071094306297	780.251092339706	810.071094306297
ENST00000475072	2459.75587897574	2493.05955112769	2459.75587897574	2493.05955112769
ENST00000475170	0	59.6995033042777	0	59.6995033042777
ENST00000475205	0	0	0	0
ENST00000475297	0	0	0	0
ENST00000475344	1217.97678616475	2285.30705789447	1217.97678616475	2285.30705789447
ENST00000475402	2147.73930571103	0	2147.73930571103	0
ENST00000475422	0	0	0	0
ENST00000475534	0	0	0	0
ENST00000475618	0	0	0	0
ENST00000475639	370.295570226661	1132.44463174117	370.295570226661	1132.44463174117
ENST00000475776	0	0	0	0
ENST00000475838	0	0	0	0
ENST00000475864	0	0	0	0
ENST00000476084	0	2034.99083514492	0	2034.99083514492
ENST00000476106	8.69851111858496e-05	5944.21573437393	8.69851111858496e-05	5944.21573437393
ENST00000476313	0	0	0	0
ENST00000476326	0	0	0	0
ENST00000476524	0	0	0	0
ENST00000476653	0	0	0	0
ENST00000476784	0	451.278976556794	0	451.278976556794
ENST00000476848	1375.84324322011	933.601434516544	1375.84324322011	933.601434516544
ENST00000476914	0	0	0	0
ENST00000476948	4507.23582730449	6040.8515731903	4507.23582730449	6040.8515731903
ENST00000476950	0	0	0	0
ENST00000477091	0	0	0	0
ENST00000477351	0	0	0	0
ENST00000477419	1300.86516403322	0	1300.86516403322	0
ENST00000477513	0	0	0	0
ENST00000477633	0	1178.24318718098	0	1178.24318718098
ENST00000477954	0	0	0	0
ENST00000478035	1742.30371129347	0	1742.30371129347	0
ENST00000478105	551.143750054591	443.335200733811	551.143750054591	443.335200733811
ENST00000478183	1800.90035280405	1009.98139314779	1800.90035280405	1009.98139314779
ENST00000478200	0	0	0	0
ENST00000478268	1904.51923340246	944.168541540722	1904.51923340246	944.168541540722
ENST00000478273	0	0	0	0
ENST00000478282	1019.97594148074	0	1019.97594148074	0
ENST00000478313	2130.03710947481	0	2130.03710947481	0
ENST00000478372	0	0	0	0
ENST00000478426	0	0	0	0
ENST00000478613	0	0	0	0
ENST00000478674	0	1423.4200227049	0	1423.4200227049
ENST00000478680	8374.71313692948	2664.39024351466	8374.71313692948	2664.39024351466
ENST00000478709	0	0	0	0
ENST00000478932	1276.20490202575	715.620725932815	1276.20490202575	715.620725932815
ENST00000479117	0	6.10416083122104	0	6.10416083122104
ENST00000479127	0	0	0	0
ENST00000479152	1639.160525607	715.632840168437	1639.160525607	715.632840168437
ENST00000479153	2171.70999971725	1861.77912142105	2171.70999971725	1861.77912142105
ENST00000479202	2492.90294664877	0	2492.90294664877	0
ENST00000479325	0	2400.0661830555	0	2400.0661830555
ENST00000479378	0	0	0	0
ENST00000479424	0	0	0	0
ENST00000479429	0	0	0	0
ENST00000479548	0	0	0	0
ENST00000479557	0	0	0	0
ENST00000479586	0	0	0	0
ENST00000479654	715.415515668165	530.731508457127	715.415515668165	530.731508457127
ENST00000479810	0	0	0	0
ENST00000479849	0	0	0	0
ENST00000479930	227.825308515693	487.690705477215	227.825308515693	487.690705477215
ENST00000479964	0	0	0	0
ENST00000480147	816.478000203688	1136.26924479649	816.478000203688	1136.26924479649
ENST00000480179	0	0	0	0
ENST00000480196	0	4805.5433322563	0	4805.5433322563
ENST00000480234	0	0	0	0
ENST00000480359	0	0	0	0
ENST00000480452	0	2475.21324382933	0	2475.21324382933
ENST00000480456	1.30090601320071e-05	0	1.30090601320071e-05	0
ENST00000480486	793.556503979024	1779.54659276813	793.556503979024	1779.54659276813
ENST00000480553	608.976042281806	731.349221451236	608.976042281806	731.349221451236
ENST00000480612	1312.41305174805	3084.24037266444	1312.41305174805	3084.24037266444
ENST00000480690	3999.4520843032	0	3999.4520843032	0
ENST00000480786	0	0	0	0
ENST00000480893	0	0	0	0
ENST00000480896	663.011110907745	566.345144636576	663.011110907745	566.345144636576
ENST00000480950	0	0	0	0
ENST00000481022	0	0	0	0
ENST00000481059	0	0	0	0
ENST00000481113	3239.07385470128	0	3239.07385470128	0
ENST00000481185	0	271.551173276617	0	271.551173276617
ENST00000481302	2575.89075336734	2885.94044387844	2575.89075336734	2885.94044387844
ENST00000481319	1758.10769190164	2817.13496681743	1758.10769190164	2817.13496681743
ENST00000481411	0	0	0	0
ENST00000481448	0	0	0	0
ENST00000481458	968.426946366386	0	968.426946366386	0
ENST00000481460	5297.0691355617	0	5297.0691355617	0
ENST00000481477	0	0	0	0
ENST00000481512	2.14840996749593	0.360599394893399	2.14840996749593	0.360599394893399
ENST00000481546	1387.64203744497	0	1387.64203744497	0
ENST00000481582	0	0	0	0
ENST00000481605	0	0	0	0
ENST00000481609	0	0	0	0
ENST00000481638	0	0	0	0
ENST00000481710	0	0	0	0
ENST00000481838	0	0	0	0
ENST00000481861	0	0	0	0
ENST00000481883	1465.73425715593	785.713267431998	1465.73425715593	785.713267431998
ENST00000481921	1433.12105010383	1606.42991355987	1433.12105010383	1606.42991355987
ENST00000482032	0	0	0	0
ENST00000482084	0	0	0	0
ENST00000482186	440.933312267681	336.99185094164	440.933312267681	336.99185094164
ENST00000482192	0	0	0	0
ENST00000482273	5.21621163435142	0	5.21621163435142	0
ENST00000482318	0	0	0	0
ENST00000482508	595.011838378852	0	595.011838378852	0
ENST00000482533	0	1038.80870332158	0	1038.80870332158
ENST00000482575	1923.89346178115	2156.08495180592	1923.89346178115	2156.08495180592
ENST00000482663	1758.10769190164	0	1758.10769190164	0
ENST00000482679	408.150520616054	242.703730488473	408.150520616054	242.703730488473
ENST00000482733	1473.99119568113	1652.21272734436	1473.99119568113	1652.21272734436
ENST00000482761	622.471048590922	0	622.471048590922	0
ENST00000482775	0	0	0	0
ENST00000482915	1582.28918966687	1773.52035724872	1582.28918966687	1773.52035724872
ENST00000482953	579.495701839145	605.397613097125	579.495701839145	605.397613097125
ENST00000482980	0	0	0	0
ENST00000483178	0	0	0	0
ENST00000483315	0.000239627105889817	512.333297525161	0.000239627105889817	512.333297525161
ENST00000483326	1274.36391099325	0	1274.36391099325	0
ENST00000483568	0	0	0	0
ENST00000483844	1386.97226032234	1554.73196719203	1386.97226032234	1554.73196719203
ENST00000483896	197.087350558942	1440.29735412909	197.087350558942	1440.29735412909
ENST00000483973	0	0	0	0
ENST00000483977	783.910618682148	2198.16476164504	783.910618682148	2198.16476164504
ENST00000484028	0	1694.05549713026	0	1694.05549713026
ENST00000484047	914.654575775379	350.383782075121	914.654575775379	350.383782075121
ENST00000484090	0	0	0	0
ENST00000484174	0	0	0	0
ENST00000484294	0	0	0	0
ENST00000484377	0	1671.26496536558	0	1671.26496536558
ENST00000484403	0	0	0	0
ENST00000484465	1267.50460021999	8261.14987331338	1267.50460021999	8261.14987331338
ENST00000484627	0	1438.02699302411	0	1438.02699302411
ENST00000484712	1519.52972351731	0	1519.52972351731	0
ENST00000484808	0	0	0	0
ENST00000484861	0	0	0	0
ENST00000484865	2689.42851092314	501.792299231214	2689.42851092314	501.792299231214
ENST00000484878	0	0	0	0
ENST00000484887	0	0	0	0
ENST00000484983	0	0	0	0
ENST00000485067	1860.114250505	1668.82941549671	1860.114250505	1668.82941549671
ENST00000485190	0	0	0	0
ENST00000485206	0	0	0	0
ENST00000485207	4713.30329351261	2968.38560065729	4713.30329351261	2968.38560065729
ENST00000485272	0	0	0	0
ENST00000485299	0	0	0	0
ENST00000485357	0	0	0	0
ENST00000485402	0	0	0	0
ENST00000485488	0	0	0	0
ENST00000485493	0	0	0	0
ENST00000485550	0	0	0	0
ENST00000485591	0	0	0	0
ENST00000485621	0.0243676248743209	2400.0661830555	0.0243676248743209	2400.0661830555
ENST00000485649	0	0	0	0
ENST00000485790	1089.37069839161	0	1089.37069839161	0
ENST00000485865	1437.37329550403	0	1437.37329550403	0
ENST00000485895	0	365.941318740205	0	365.941318740205
ENST00000485933	0	0	0	0
ENST00000486002	0	0	0	0
ENST00000486023	0	66.0303691231592	0	66.0303691231592
ENST00000486098	0	0	0	0
ENST00000486126	973.01869354024	1530.26473116473	973.01869354024	1530.26473116473
ENST00000486275	0	0	0	0
ENST00000486303	0	0	0	0
ENST00000486363	0	0	0	0
ENST00000486367	0	0	0	0
ENST00000486427	0	3497.06682579352	0	3497.06682579352
ENST00000486519	0	0	0	0
ENST00000486520	804.244745945924	901.993394308077	804.244745945924	901.993394308077
ENST00000486719	0	0	0	0
ENST00000486741	0	0	0	0
ENST00000486746	1341.34280497138	0	1341.34280497138	0
ENST00000486812	250.681174203832	505.372166061441	250.681174203832	505.372166061441
ENST00000486902	0	1404.1090379916	0	1404.1090379916
ENST00000486937	502.135750226581	638.742988142812	502.135750226581	638.742988142812
ENST00000487113	0	0	0	0
ENST00000487155	0	2422.22898276896	0	2422.22898276896
ENST00000487266	0	1436.58359602661	0	1436.58359602661
ENST00000487297	291.900452513797	608.149814317849	291.900452513797	608.149814317849
ENST00000487374	0	4914.36194479347	0	4914.36194479347
ENST00000487427	0	0	0	0
ENST00000487434	5864.6246681985	6766.48406286077	5864.6246681985	6766.48406286077
ENST00000487711	0	0	0	0
ENST00000487869	0	0	0	0
ENST00000487909	391.957400104529	439.59726812625	391.957400104529	439.59726812625
ENST00000487951	0	1652.21272734436	0	1652.21272734436
ENST00000487990	0	0	0	0
ENST00000487994	0	0	0	0
ENST00000488166	2160.83778756866	1661.85412530454	2160.83778756866	1661.85412530454
ENST00000488167	0	0	0	0
ENST00000488368	0	0	0	0
ENST00000488392	3300.15089664577	0	3300.15089664577	0
ENST00000488492	0	0	0	0
ENST00000488522	0	0	0	0
ENST00000488526	1559.99473658962	2574.9972675245	1559.99473658962	2574.9972675245
ENST00000488556	0	0	0	0
ENST00000488577	0	0	0	0
ENST00000488791	0	2882.69170051807	0	2882.69170051807
ENST00000489072	0	0	0	0
ENST00000489175	0	465.94024133926	0	465.94024133926
ENST00000489201	0	0	0	0
ENST00000489261	0	0	0	0
ENST00000489319	0	0	0	0
ENST00000489469	0	0	0	0
ENST00000489661	0	0	0	0
ENST00000489676	0	0	0	0
ENST00000489821	0	0	0	0
ENST00000489903	0	0	0	0
ENST00000490032	3003.47059005331	3397.82087761909	3003.47059005331	3397.82087761909
ENST00000490091	1882.17079862135	1300.50165648331	1882.17079862135	1300.50165648331
ENST00000490184	0	0	0	0
ENST00000490220	0	0	0	0
ENST00000490358	0	0	0	0
ENST00000490393	2505.09544971233	2328.21831338312	2505.09544971233	2328.21831338312
ENST00000490450	0	0	0	0
ENST00000490468	592.455793545287	125.925462377367	592.455793545287	125.925462377367
ENST00000490479	0	294.973203743552	0	294.973203743552
ENST00000490666	8491.33670818971	1767.17955788338	8491.33670818971	1767.17955788338
ENST00000490714	0	0	0	0
ENST00000490803	0	0	0	0
ENST00000490860	0	0	0	0
ENST00000490865	0	0	0	0
ENST00000490982	0	1192.33393556766	0	1192.33393556766
ENST00000491110	4627.92773318726	0	4627.92773318726	0
ENST00000491183	0	0	0	0
ENST00000491298	0	7340.28963381201	0	7340.28963381201
ENST00000491389	0	0	0	0
ENST00000491395	0	2894.55118500239	0	2894.55118500239
ENST00000491486	1408.42747888972	1216.83130130653	1408.42747888972	1216.83130130653
ENST00000491513	0	0	0	0
ENST00000491559	0	0	0	0
ENST00000491564	0	0	0	0
ENST00000491625	0	0	0	0
ENST00000491666	1254.97098630472	3405.76222913886	1254.97098630472	3405.76222913886
ENST00000491703	1467.2916719898	0	1467.2916719898	0
ENST00000491729	787.90253272933	1604.41693634811	787.90253272933	1604.41693634811
ENST00000491756	0	0	0	0
ENST00000491776	985.117664392178	0	985.117664392178	0
ENST00000491794	0	0	0	0
ENST00000491828	0	0	0	0
ENST00000491838	0	0	0	0
ENST00000491927	0	0	0	0
ENST00000491952	9115.94784039966	10493.7779099879	9115.94784039966	10493.7779099879
ENST00000492229	0	3510.94447500473	0	3510.94447500473
ENST00000492275	0	0	0	0
ENST00000492280	337.096832184433	377.755855560305	337.096832184433	377.755855560305
ENST00000492336	0	0	0	0
ENST00000492414	0	0	0	0
ENST00000492514	0	0	0	0
ENST00000492600	0	0	0	0
ENST00000492603	0	0	0	0
ENST00000492638	0	1570.96721221804	0	1570.96721221804
ENST00000492656	0	0	0	0
ENST00000492742	0	0	0	0
ENST00000492760	0	0	0	0
ENST00000492833	0	0	0	0
ENST00000492851	0	0	0	0
ENST00000492864	1006.89519766777	0	1006.89519766777	0
ENST00000492930	0	1463.1726345896	0	1463.1726345896
ENST00000492962	0	1127.40890939221	0	1127.40890939221
ENST00000493019	0	0	0	0
ENST00000493196	531.204745505798	297.87544060613	531.204745505798	297.87544060613
ENST00000493295	0	0	0	0
ENST00000493464	0	0	0	0
ENST00000493503	0	0	0	0
ENST00000493524	0	0	0	0
ENST00000493640	0	0	0	0
ENST00000493753	2673.50486619422	3748.53267987842	2673.50486619422	3748.53267987842
ENST00000493811	0	0	0	0
ENST00000493883	0	0	0	0
ENST00000494243	0	0	0	0
ENST00000494252	0	0	0	0
ENST00000494296	0	2562.74856735829	0	2562.74856735829
ENST00000494310	0	0	0	0
ENST00000494435	1084.24225110717	0	1084.24225110717	0
ENST00000494498	0	0	0	0
ENST00000494690	0	1988.45770248728	0	1988.45770248728
ENST00000494755	0	0	0	0
ENST00000494829	224.918029952997	0	224.918029952997	0
ENST00000495005	9201.05137088759	10379.9486696959	9201.05137088759	10379.9486696959
ENST00000495007	0	1003.19406526457	0	1003.19406526457
ENST00000495055	0	611.390875476282	0	611.390875476282
ENST00000495217	0	1645.95814632805	0	1645.95814632805
ENST00000495240	0	0	0	0
ENST00000495274	0	0	0	0
ENST00000495343	0	0	0	0
ENST00000495344	0	0	0	0
ENST00000495363	0	0	0	0
ENST00000495475	33190.5839768143	0	33190.5839768143	0
ENST00000495521	0	1.44756536136048e-05	0	1.44756536136048e-05
ENST00000495656	0	0	0	0
ENST00000495858	2040.34624962148	5119.02910962409	2040.34624962148	5119.02910962409
ENST00000495892	1196.13046796959	1117.92523266143	1196.13046796959	1117.92523266143
ENST00000496044	89.5781173779184	2494.55206611879	89.5781173779184	2494.55206611879
ENST00000496121	0	4517.371322077	0	4517.371322077
ENST00000496124	0	0	0	0
ENST00000496321	763.094535314528	0	763.094535314528	0
ENST00000496395	0	0	0	0
ENST00000496416	4920.64291762805	1927.84434428184	4920.64291762805	1927.84434428184
ENST00000496462	1643.68223729146	861.717890418834	1643.68223729146	861.717890418834
ENST00000496485	2331.80553750732	0	2331.80553750732	0
ENST00000496601	0	0	0	0
ENST00000496607	1177.52090737926	1204.00375006842	1177.52090737926	1204.00375006842
ENST00000496615	0	0	0	0
ENST00000496664	0	0	0	0
ENST00000496759	0	0	0	0
ENST00000496773	0	0	0	0
ENST00000496774	0	0	0	0
ENST00000496779	780.752871980508	623.221526351339	780.752871980508	623.221526351339
ENST00000496783	1000.38500888712	1682.73681318617	1000.38500888712	1682.73681318617
ENST00000496824	0	0	0	0
ENST00000497243	0	0	0	0
ENST00000497313	0	0	0	0
ENST00000497493	968.540883197092	1058.58723490914	968.540883197092	1058.58723490914
ENST00000497547	2264.22733091462	0	2264.22733091462	0
ENST00000497630	650.456683299072	0	650.456683299072	0
ENST00000497664	480.617880865927	2093.78848761457	480.617880865927	2093.78848761457
ENST00000497805	0	0	0	0
ENST00000497833	0	316.514711155203	0	316.514711155203
ENST00000497873	812.697408539023	0	812.697408539023	0
ENST00000497881	785.215794833629	1490.94594377826	785.215794833629	1490.94594377826
ENST00000497909	0	0	0	0
ENST00000498040	0	0	0	0
ENST00000498121	0	0	0	0
ENST00000498151	0	4576.04937118163	0	4576.04937118163
ENST00000498210	0	0	0	0
ENST00000498355	0	0	0	0
ENST00000498371	0	0	0	0
ENST00000498430	128.698561287469	488.673211295207	128.698561287469	488.673211295207
ENST00000498614	297.915548498597	1665.33391769739	297.915548498597	1665.33391769739
ENST00000498666	1437.56152933444	1193.88462767484	1437.56152933444	1193.88462767484
ENST00000498670	0	0	0	0
ENST00000498789	988.91443199959	1108.72227606665	988.91443199959	1108.72227606665
ENST00000498799	0	0	0	0
ENST00000498841	450.16048273601	0	450.16048273601	0
ENST00000504298	2400.35129328513	1345.45249766278	2400.35129328513	1345.45249766278
ENST00000507941	0	0	0	0
ENST00000508999	0	0	0	0
ENST00000515969	0	0	0	0
ENST00000516042	0	0	0	0
ENST00000516163	0	0	0	0
ENST00000516236	0	0	0	0
ENST00000516390	0	0	0	0
ENST00000516464	0	0	0	0
ENST00000516653	0	0	0	0
ENST00000516797	0	0	0	0
ENST00000516810	0	0	0	0
ENST00000517106	0	0	0	0
ENST00000517141	0	0	0	0
ENST00000517154	0	0	0	0
ENST00000517452	0	0	0	0
ENST00000517563	0	0	0	0
ENST00000517777	0	0	0	0
ENST00000517819	0	0	0	0
ENST00000518033	0	2186.95475578632	0	2186.95475578632
ENST00000518236	0	0	0	0
ENST00000518498	0	0	0	0
ENST00000520389	0	0	0	0
ENST00000521987	3741.79649107449	0	3741.79649107449	0
ENST00000521995	0	0	0	0
ENST00000522411	365.767961616825	1660.59062996836	365.767961616825	1660.59062996836
ENST00000522688	0	0	0	0
ENST00000522931	1008.93774255671	0	1008.93774255671	0
ENST00000523126	0	1.66855259009067	0	1.66855259009067
ENST00000523323	0.0338194101662905	0	0.0338194101662905	0
ENST00000523663	0	0	0	0
ENST00000524251	0	0	0	0
ENST00000527919	0	0	0	0
ENST00000528477	234.722420079233	0	234.722420079233	0
ENST00000530812	0	0	0	0
ENST00000530908	886.560497804785	0	886.560497804785	0
ENST00000534991	0	2649.90515410981	0	2649.90515410981
ENST00000535199	741.208007827111	831.096879462391	741.208007827111	831.096879462391
ENST00000536861	0	0	0	0
ENST00000540756	0	0	0	0
ENST00000540844	0	0	0	0
ENST00000541036	0	1217.06600038566	0	1217.06600038566
ENST00000542230	0	0	0	0
ENST00000543733	530.300294639059	594.66702496305	530.300294639059	594.66702496305
ENST00000545369	4074.54216604827	264.155286667259	4074.54216604827	264.155286667259
ENST00000545939	0	0	0	0
ENST00000546158	0	0	0	0
ENST00000546469	0	0	0	0
ENST00000546482	0	0	0	0
ENST00000547141	0	0	0	0
ENST00000547201	937.418018807829	0	937.418018807829	0
ENST00000547341	0	0	0	0
ENST00000547595	4364.07216117509	5082.47623193608	4364.07216117509	5082.47623193608
ENST00000547657	0	0	0	0
ENST00000548219	0	0	0	0
ENST00000548467	0	0	0	0
ENST00000548570	0	0	0	0
ENST00000548700	0	0	0	0
ENST00000549158	0	0	0	0
ENST00000549265	0	0	0	0
ENST00000549362	0	0	0	0
ENST00000549805	0	0	0	0
ENST00000549932	0	0	0	0
ENST00000549948	2042.97659212282	0	2042.97659212282	0
ENST00000550131	4380.48015864179	4988.46846284287	4380.48015864179	4988.46846284287
ENST00000551367	0	0	0	0
ENST00000551422	0	0	0	0
ENST00000551788	0	0	0	0
ENST00000552581	0	1241.7079974057	0	1241.7079974057
ENST00000553001	0	0	0	0
ENST00000557820	0	0	0	0
ENST00000558955	0	0	0	0
ENST00000559466	681.884166803959	764.598655026093	681.884166803959	764.598655026093
ENST00000560448	0	712.799982645798	0	712.799982645798
ENST00000565564	0	0	0	0
ENST00000565959	964.901057271124	0	964.901057271124	0
ENST00000567517	0	2274.51371644624	0	2274.51371644624
ENST00000567670	0	0	0	0
ENST00000568332	2190.21131273068	2454.25585427469	2190.21131273068	2454.25585427469
ENST00000569966	0	0	0	0
ENST00000577708	0	0	0	0
ENST00000578829	0	0	0	0
ENST00000579137	0	0	0	0
ENST00000579533	0	0	0	0
ENST00000580069	0	0	0	0
ENST00000580304	0	0	0	0
ENST00000581194	0	0	0	0
ENST00000581640	0	0	0	0
ENST00000581669	0	0	0	0
ENST00000581787	0	0	0	0
ENST00000581792	10687.8717114399	10949.2672601255	10687.8717114399	10949.2672601255
ENST00000582241	0	0	0	0
ENST00000582575	0	0	0	0
ENST00000583100	0	7348.66998850991	0	7348.66998850991
ENST00000583496	0	0	0	0
ENST00000584048	0	0	0	0
ENST00000584169	0	0	0	0
ENST00000584271	0	0	0	0
ENST00000584840	0	0	0	0
ENST00000585040	0	0	0	0
ENST00000585273	0	0	0	0
ENST00000586552	0	0	0	0
ENST00000588753	0	2098.84203143656	0	2098.84203143656
ENST00000589300	0	0	0	0
ENST00000590829	0	3291.91629265609	0	3291.91629265609
ENST00000591223	3130.76441891483	0	3130.76441891483	0
ENST00000593338	0	0	0	0
ENST00000593619	0	0	0	0
ENST00000593977	0	5139.23669414853	0	5139.23669414853
ENST00000594149	0	0	0	0
ENST00000594320	0	0	0	0
ENST00000594370	0	0	0	0
ENST00000594752	0	0	0	0
ENST00000595747	0	0	0	0
ENST00000596207	0	0	0	0
ENST00000596365	0	0	0	0
ENST00000596385	0	0	0	0
ENST00000596669	1169.40091173831	0	1169.40091173831	0
ENST00000597626	0	0	0	0
ENST00000597894	0	4142.60773116397	0	4142.60773116397
ENST00000599421	0	0	0	0
ENST00000599569	0	417.007285209824	0	417.007285209824
ENST00000599572	0	0	0	0
ENST00000599962	0	1523.88798487052	0	1523.88798487052
ENST00000600155	0	0	0	0
ENST00000600590	0	0	0	0
ENST00000601471	0	0	0	0
ENST00000602323	0	0	0	0
ENST00000602339	0	0	0	0
ENST00000602454	0	0	0	0
ENST00000602505	0	0	0	0
ENST00000602568	2184.04132882498	2447.34869988341	2184.04132882498	2447.34869988341
ENST00000602580	0	0	0	0
ENST00000602620	0	0	0	0
ENST00000602654	0	0	0	0
ENST00000602659	278.330856625943	156.083988970268	278.330856625943	156.083988970268
ENST00000602892	0	0	0	0
ENST00000602901	0	0	0	0
ENST00000602921	0	0	0	0
ENST00000602935	0	0	0	0
ENST00000603064	0	0	0	0
ENST00000603349	0	0	0	0
ENST00000604662	0	0	0	0
ENST00000604687	2084.22720582372	0	2084.22720582372	0
ENST00000605450	0	0	0	0
ENST00000606322	0	0	0	0
ENST00000607049	0	0	0	0
ENST00000607150	0	0	0	0
ENST00000607953	1863.76867621397	0	1863.76867621397	0
ENST00000608043	0	7935.80189803564	0	7935.80189803564
ENST00000608072	3005.11621935863	0	3005.11621935863	0
ENST00000608289	0	0	0	0
ENST00000608391	0	0	0	0
ENST00000608405	1438.43896607872	1612.38714648792	1438.43896607872	1612.38714648792
ENST00000608410	0	0	0	0
ENST00000608431	0	0	0	0
ENST00000608591	0	0	0	0
ENST00000608622	0	0	0	0
ENST00000608632	0	0	0	0
ENST00000608641	0	0	0	0
ENST00000608665	0	4076.46063402069	0	4076.46063402069
ENST00000608690	0	0	0	0
ENST00000608759	0	0	0	0
ENST00000608767	0	6092.81550499376	0	6092.81550499376
ENST00000608783	0	0	0	0
ENST00000608809	0	0	0	0
ENST00000609062	0	0	0	0
ENST00000609132	0	1487.50991581053	0	1487.50991581053
ENST00000609192	0	0	0	0
ENST00000609325	0	0	0	0
ENST00000609365	0	0	0	0
ENST00000609461	0	0	0	0
ENST00000609556	0	0	0	0
ENST00000609592	0	0	0	0
ENST00000609664	0	0	0	0
ENST00000609694	0	0	0	0
ENST00000609713	79.6392871143932	267.975238911648	79.6392871143932	267.975238911648
ENST00000609782	0	0	0	0
ENST00000609910	2799.08998950157	6271.39309403841	2799.08998950157	6271.39309403841
ENST00000609934	6742.05248836315	0	6742.05248836315	0
ENST00000609947	0	0	0	0
ENST00000609953	0	0	0	0
ENST00000609985	0	0	0	0
ENST00000610063	0	0	0	0
ENST00000610200	0	0	0	0
ENST00000610236	0	0	0	0
ENST00000610276	0	0	0	0
ENST00000610460	0	0	0	0
ENST00000610482	0	0	0	0
ENST00000610664	0	0	0	0
ENST00000610788	0	0	0	0
ENST00000610988	0	0	0	0
ENST00000611026	0	0	0	0
ENST00000611195	0	0	0	0
ENST00000611656	0	0	0	0
ENST00000611755	0	0	0	0
ENST00000611936	0	0	0	0
ENST00000611994	0	0	0	0
ENST00000612139	0	0	0	0
ENST00000612267	0	0	0	0
ENST00000612273	0	358.707079259843	0	358.707079259843
ENST00000612277	0.0345506950652897	0	0.0345506950652897	0
ENST00000612326	0	1062.65653283888	0	1062.65653283888
ENST00000612331	0	0	0	0
ENST00000612463	0	0	0	0
ENST00000612472	0	0	0	0
ENST00000612610	0	0	0	0
ENST00000612624	0	1027.17711808619	0	1027.17711808619
ENST00000612702	0	0	0	0
ENST00000612746	0	0	0	0
ENST00000612957	0	0	0	0
ENST00000613045	0	0	0	0
ENST00000613245	0	0	0	0
ENST00000613317	0	0	0	0
ENST00000613359	0	0	0	0
ENST00000613488	0	1173.68546682601	0	1173.68546682601
ENST00000613499	0	0	0	0
ENST00000613590	0	0	0	0
ENST00000613667	0	0	0	0
ENST00000613691	0	0	0	0
ENST00000613704	0	0	0	0
ENST00000613803	0	0	0	0
ENST00000613894	0	567.131131721066	0	567.131131721066
ENST00000613967	0	0	0	0
ENST00000613970	2457.41389106111	2754.840118006	2457.41389106111	2754.840118006
ENST00000614229	0	687.795341635849	0	687.795341635849
ENST00000614260	0	0	0	0
ENST00000614492	0	0	0	0
ENST00000614538	0	0	0	0
ENST00000614971	1.38431050610501	1.75415933136487	1.38431050610501	1.75415933136487
ENST00000615172	337.524978720886	378.525265989109	337.524978720886	378.525265989109
ENST00000615262	0	0	0	0
ENST00000615324	0	0	0	0
ENST00000615444	0	0	0	0
ENST00000615480	0	0	0	0
ENST00000615718	1594.49736498838	0	1594.49736498838	0
ENST00000615804	0	0	0	0
ENST00000615826	0	0	0	0
ENST00000615847	0	0	0	0
ENST00000615959	10687.8717114399	10949.2672601255	10687.8717114399	10949.2672601255
ENST00000616030	0	0	0	0
ENST00000616420	0	0	0	0
ENST00000616483	0	0	0	0
ENST00000616522	0	0	0	0
ENST00000616529	0	0	0	0
ENST00000616627	0	0	0	0
ENST00000616647	0	0	0	0
ENST00000616689	0	0	0	0
ENST00000616808	0	0	0	0
ENST00000616815	2893.0968399315	0	2893.0968399315	0
ENST00000616920	0	0	0	0
ENST00000616952	0	0	0	0
ENST00000617004	0	0	0	0
ENST00000617062	0	0	0	0
ENST00000617205	1653.1412151814	1852.87742997378	1653.1412151814	1852.87742997378
ENST00000617313	0	0	0	0
ENST00000617336	0	0	0	0
ENST00000617390	0	0	0	0
ENST00000617417	0	0	0	0
ENST00000617668	0	0	0	0
ENST00000617706	0	0	0	0
ENST00000617716	924.863451018036	598.075898513632	924.863451018036	598.075898513632
ENST00000617746	0	0	0	0
ENST00000617755	3203.81039209475	0	3203.81039209475	0
ENST00000617854	0	0	0	0
ENST00000617870	0	0	0	0
ENST00000617971	0	0	0	0
ENST00000618007	0	0	0	0
ENST00000618024	0	0	0	0
ENST00000618423	0	0	0	0
ENST00000618699	0	0	0	0
ENST00000618749	0	0	0	0
ENST00000618832	0	0	0	0
ENST00000619005	0	0	0	0
ENST00000619030	0	0	0	0
ENST00000619053	10449.0261900047	11909.9484075014	10449.0261900047	11909.9484075014
ENST00000619112	0	0	0	0
ENST00000619120	0	0	0	0
ENST00000619222	234.865999286238	0	234.865999286238	0
ENST00000619242	0	0	0	0
ENST00000619252	0	0	0	0
ENST00000619419	0	0	0	0
ENST00000619471	0	0	0	0
ENST00000619488	0	0	0	0
ENST00000619537	0	0	0	0
ENST00000619549	0	0	0	0
ENST00000619610	0	0	0	0
ENST00000619682	1886.65148408718	185.95429482959	1886.65148408718	185.95429482959
ENST00000619798	0	0	0	0
ENST00000619874	0	0	0	0
ENST00000620015	3056.32431751634	197.317947496634	3056.32431751634	197.317947496634
ENST00000620065	0	0	0	0
ENST00000620163	5659.47874189014	6339.9776745586	5659.47874189014	6339.9776745586
ENST00000620221	0	0	0	0
ENST00000620442	0	0	0	0
ENST00000620481	0	0	0	0
ENST00000620528	0	0	0	0
ENST00000620580	760.498513388581	740.493817768879	760.498513388581	740.493817768879
ENST00000620684	0	0	0	0
ENST00000620920	0	0	0	0
ENST00000621064	0	93.2593697824762	0	93.2593697824762
ENST00000621162	0	0	0	0
ENST00000621201	0	0	0	0
ENST00000621412	0	0	0	0
ENST00000621478	471.989726450289	0	471.989726450289	0
ENST00000621601	0	0	0	0
ENST00000621707	0	0	0	0
ENST00000621909	0	0	0	0
ENST00000621924	0	0	0	0
ENST00000622028	0	0	0	0
ENST00000622113	0	0	0	0
ENST00000622171	0	0	0	0
ENST00000622292	0	0	0	0
ENST00000622352	0	0	0	0
ENST00000622482	0	0	0	0
ENST00000622592	0	0	0	0
ENST00000622690	0	0	0	0
ENST00000622854	0	0	0	0
ENST00000622911	0	0	0	0
ENST00000622914	416.903706049875	0	416.903706049875	0
ENST00000622915	0	1177.28801222941	0	1177.28801222941
ENST00000622934	0	0	0	0
ENST00000622939	0	0	0	0
ENST00000622961	2434.2663522609	0	2434.2663522609	0
ENST00000622995	5476.90610567119	0	5476.90610567119	0
ENST00000623011	203.593675753641	242.409823715039	203.593675753641	242.409823715039
ENST00000623047	0	0	0	0
ENST00000623050	0	0	0	0
ENST00000623061	0	0	0	0
ENST00000623095	0	0	0	0
ENST00000623098	0	0	0	0
ENST00000623106	0	0	0	0
ENST00000623119	0	160.639652862466	0	160.639652862466
ENST00000623131	0	0	0	0
ENST00000623161	0	0	0	0
ENST00000623165	0	0	0	0
ENST00000623182	0	0	0	0
ENST00000623188	0	0	0	0
ENST00000623190	0	0	0	0
ENST00000623201	0	0	0	0
ENST00000623217	0	17072.6944332018	0	17072.6944332018
ENST00000623225	0	0	0	0
ENST00000623227	0	0	0	0
ENST00000623236	0	0	0	0
ENST00000623297	39.6788653265487	42.7263516745941	39.6788653265487	42.7263516745941
ENST00000623313	0	0	0	0
ENST00000623324	0	0	0	0
ENST00000623347	0	0	0	0
ENST00000623352	0	0	0	0
ENST00000623370	0	0	0	0
ENST00000623374	44.2597071081083	0	44.2597071081083	0
ENST00000623375	421.935764512977	459.004630714074	421.935764512977	459.004630714074
ENST00000623377	0	0	0	0
ENST00000623390	0	0	0	0
ENST00000623394	0	0	0	0
ENST00000623405	0	0	0	0
ENST00000623408	0	0	0	0
ENST00000623409	0	0	0	0
ENST00000623436	0	0	0	0
ENST00000623449	0	0	0	0
ENST00000623476	0	3811.67240420042	0	3811.67240420042
ENST00000623484	0	0	0	0
ENST00000623506	0	0	0	0
ENST00000623518	0	0	0	0
ENST00000623549	0	0	0	0
ENST00000623554	0	0	0	0
ENST00000623559	1547.54681472792	1734.60570891858	1547.54681472792	1734.60570891858
ENST00000623575	0	0	0	0
ENST00000623579	0	1825.64758592298	0	1825.64758592298
ENST00000623587	0	0	0	0
ENST00000623637	0	0	0	0
ENST00000623638	729.668486085458	0	729.668486085458	0
ENST00000623643	0	0	0	0
ENST00000623647	0	0	0	0
ENST00000623661	0	0	0	0
ENST00000623664	0	0	0	0
ENST00000623678	0	0	0	0
ENST00000623703	1911.17830305464	714.350691853891	1911.17830305464	714.350691853891
ENST00000623720	0	0	0	0
ENST00000623723	0	0	0	0
ENST00000623738	0	0	0	0
ENST00000623744	645.114473505868	1337.95842481084	645.114473505868	1337.95842481084
ENST00000623753	0	0	0	0
ENST00000623768	0	0	0	0
ENST00000623771	0	0	0	0
ENST00000623783	0	0	0	0
ENST00000623794	0	0	0	0
ENST00000623795	0	0	0	0
ENST00000623797	0	0	0	0
ENST00000623803	0	0	0	0
ENST00000623809	0	0	0	0
ENST00000623810	0	0	0	0
ENST00000623860	0	0	0	0
ENST00000623887	0	0	0	0
ENST00000623892	0	0	0	0
ENST00000623896	0	0	0	0
ENST00000623903	0	0	0	0
ENST00000623914	0	0	0	0
ENST00000623919	0	0	0	0
ENST00000623928	0	0	0	0
ENST00000623929	0	0	0	0
ENST00000623933	0	0	0	0
ENST00000623939	0	0	0	0
ENST00000623950	0	0	0	0
ENST00000623954	1886.44345008633	0	1886.44345008633	0
ENST00000623960	0	0	0	0
ENST00000623962	0	0	0	0
ENST00000623983	0	0	0	0
ENST00000623989	0	0	0	0
ENST00000623998	0	0	0	0
ENST00000624019	0	0	0	0
ENST00000624041	0	1465.63870783765	0	1465.63870783765
ENST00000624042	0	0	0	0
ENST00000624052	0	0	0	0
ENST00000624077	0	0	0	0
ENST00000624080	0	2404.81816130698	0	2404.81816130698
ENST00000624081	0	0	0	0
ENST00000624086	0	0	0	0
ENST00000624105	0	0	0	0
ENST00000624113	0	0	0	0
ENST00000624120	0	0	0	0
ENST00000624130	0	0	0	0
ENST00000624153	0	0	0	0
ENST00000624162	2267.0656755868	2540.28938593129	2267.0656755868	2540.28938593129
ENST00000624164	0	0	0	0
ENST00000624165	0	0	0	0
ENST00000624181	0	0	0	0
ENST00000624226	0	0	0	0
ENST00000624240	0	0	0	0
ENST00000624261	0	0	0	0
ENST00000624263	0	0	0	0
ENST00000624266	0	0	0	0
ENST00000624291	0	0	0	0
ENST00000624304	55.3812598459656	144.214941106114	55.3812598459656	144.214941106114
ENST00000624310	0	0	0	0
ENST00000624312	0	0	0	0
ENST00000624353	3856.41347085284	8767.95801458395	3856.41347085284	8767.95801458395
ENST00000624368	0	0	0	0
ENST00000624405	12913.7732614789	0	12913.7732614789	0
ENST00000624406	0	0	0	0
ENST00000624412	0	0	0	0
ENST00000624444	59.7404008255894	0	59.7404008255894	0
ENST00000624445	0	0	0	0
ENST00000624446	0	0	0	0
ENST00000624461	0	0	0	0
ENST00000624484	0	0	0	0
ENST00000624506	0	0	0	0
ENST00000624516	0	0	0	0
ENST00000624519	0	0	0	0
ENST00000624520	0	0	0	0
ENST00000624534	0	0	0	0
ENST00000624561	0	0	0	0
ENST00000624576	0	0	0	0
ENST00000624595	0	0	0	0
ENST00000624627	0	0	0	0
ENST00000624633	0	0	0	0
ENST00000624648	2268.84373074371	0	2268.84373074371	0
ENST00000624662	0	0	0	0
ENST00000624669	0	0	0	0
ENST00000624691	0	0	0	0
ENST00000624714	0	0	0	0
ENST00000624728	0	0	0	0
ENST00000624736	0	0	0	0
ENST00000624739	27.7325764071868	79.1303743760458	27.7325764071868	79.1303743760458
ENST00000624748	0	0	0	0
ENST00000624758	0	822.306362984544	0	822.306362984544
ENST00000624791	0	0	0	0
ENST00000624800	1180.0807224518	1322.93689078746	1180.0807224518	1322.93689078746
ENST00000624806	0	0	0	0
ENST00000624808	0	0	0	0
ENST00000624810	0	3679.71781088487	0	3679.71781088487
ENST00000624813	0	0	0	0
ENST00000624821	0	1488.21320393304	0	1488.21320393304
ENST00000624846	0	0	0	0
ENST00000624847	0	0	0	0
ENST00000624852	0	0	0	0
ENST00000624859	0	0	0	0
ENST00000624872	0	0	0	0
ENST00000624883	0	0	0	0
ENST00000624901	0	0	0	0
ENST00000624906	0	0	0	0
ENST00000624907	0	0	0	0
ENST00000624921	0	0	0	0
ENST00000624932	0	0	0	0
ENST00000624934	0	0	0	0
ENST00000624937	0	0	0	0
ENST00000624951	0	0	0	0
ENST00000624965	0	0	0	0
ENST00000624968	0	2664.8435854279	0	2664.8435854279
ENST00000624971	0	0	0	0
ENST00000625005	0	0	0	0
ENST00000625012	591.832333499108	0	591.832333499108	0
ENST00000625014	0	0	0	0
ENST00000625020	0	0	0	0
ENST00000625036	0	0	0	0
ENST00000625079	0	0	0	0
ENST00000625096	0	0	0	0
ENST00000625098	0	0	0	0
ENST00000625115	0	0	0	0
ENST00000625153	2539.6935658403	2161.4440701343	2539.6935658403	2161.4440701343
ENST00000625184	0	0	0	0
ENST00000625185	0	0	0	0
ENST00000625189	0	0	0	0
ENST00000625278	0	0	0	0
ENST00000625598	9213.42769420675	8581.36883718543	9213.42769420675	8581.36883718543
ENST00000626237	0	187.723176089701	0	187.723176089701
ENST00000626259	0	0	0	0
ENST00000626421	0	25576.2935147006	0	25576.2935147006
ENST00000626681	0	2876.39449095135	0	2876.39449095135
ENST00000626933	1490.99949131994	0	1490.99949131994	0
ENST00000626972	0	0	0	0
ENST00000626994	2056.58335489065	0	2056.58335489065	0
ENST00000627623	2767.6992095662	0	2767.6992095662	0
ENST00000627981	9213.42769420675	8581.36883718543	9213.42769420675	8581.36883718543
ENST00000628044	0	0	0	0
ENST00000628202	0	0	0	0
ENST00000628776	0	0	0	0
ENST00000628906	0	0	0	0
ENST00000629643	0	2.51889479219844e-06	0	2.51889479219844e-06
ENST00000629969	3455.03538532753	2145.34220929636	3455.03538532753	2145.34220929636
ENST00000630077	0	807.204140711622	0	807.204140711622
ENST00000630155	0	401.415139493337	0	401.415139493337
ENST00000630211	0	0	0	0
ENST00000630354	0	0	0	0
ENST00000630751	1409.66905940971	0	1409.66905940971	0
ENST00000631186	0	0	0	0
ENST00000631211	9213.42769420675	8581.36883718543	9213.42769420675	8581.36883718543
ENST00000631642	0	0	0	0
ENST00000632537	0	0	0	0
ENST00000632732	0	0	0	0
ENST00000633442	0	0	0	0
ENST00000633593	0	0	0	0
ENST00000634020	0	0	0	0
ENST00000634021	0	0	0	0
ENST00000634453	0	0	0	0
ENST00000634642	0	0	0	0
ENST00000634644	0	0	0	0
ENST00000634659	0	0	0	0
ENST00000634708	0	0	0	0
ENST00000634718	0	0	0	0
ENST00000634853	0	0	0	0
ENST00000635001	0	0	0	0
ENST00000635108	0	0	0	0
ENST00000635189	0	0	0	0
ENST00000635225	0	0	0	0
ENST00000635325	0	0	0	0
ENST00000635525	0	0	0	0
ENST00000635621	0	0	0	0
ENST00000635684	0	0	0	0
ENST00000635845	0	0	0	0
ENST00000636177	0	221.508740155028	0	221.508740155028
ENST00000636315	0	0	0	0
ENST00000636403	0	0	0	0
ENST00000636887	86.7235743439806	92.1291525605032	86.7235743439806	92.1291525605032
ENST00000636923	0	859.691206144503	0	859.691206144503
ENST00000637031	0	0	0	0
ENST00000637157	0	0	0	0
ENST00000637320	0	0	0	0
ENST00000637328	0	0	0	0
ENST00000637630	0	0	0	0
ENST00000637650	792.3312620634	0	792.3312620634	0
ENST00000637940	431.743915843391	1299.63376814425	431.743915843391	1299.63376814425
ENST00000637963	2400.43137867347	0	2400.43137867347	0
ENST00000638122	0	0	0	0
ENST00000638500	0	0	0	0
ENST00000639959	3.95345818444378	0	3.95345818444378	0
ENST00000639996	0	0	0	0
ENST00000640406	0	0	0	0
ENST00000642309	0	0	0	0
ENST00000642437	0	0	0	0
ENST00000642623	0	0	0	0
ENST00000642815	3842.54676565979	5346.0700354767	3842.54676565979	5346.0700354767
ENST00000643355	458.484614435586	1028.30162363221	458.484614435586	1028.30162363221
ENST00000643357	0	0	0	0
ENST00000643466	0	0	0	0
ENST00000643551	1088.58101241962	0	1088.58101241962	0
ENST00000643624	0	0	0	0
ENST00000643808	0	0	0	0
ENST00000643854	605.230792852249	0	605.230792852249	0
ENST00000644251	1789.22860475966	0	1789.22860475966	0
ENST00000644276	0	0	0	0
ENST00000644288	0	0	0	0
ENST00000644367	0	0	0	0
ENST00000644384	0	0	0	0
ENST00000644689	0	0	0	0
ENST00000644750	0	0	0	0
ENST00000644871	0	9072.79476078945	0	9072.79476078945
ENST00000644942	0	0	0	0
ENST00000645093	0	0	0	0
ENST00000645185	0	0	0	0
ENST00000645424	0	0	0	0
ENST00000645487	0	0	0	0
ENST00000645774	0	0	0	0
ENST00000645813	688.944802600197	515.113357068794	688.944802600197	515.113357068794
ENST00000646133	0	0	0	0
ENST00000646150	0	0	0	0
ENST00000646224	0	0	0	0
ENST00000646351	177.493458600435	199.068249031576	177.493458600435	199.068249031576
ENST00000646523	0	0	0	0
ENST00000646548	627.2386027009	449.980441379567	627.2386027009	449.980441379567
ENST00000646873	1623.03525105028	2080.04906623143	1623.03525105028	2080.04906623143
ENST00000647101	0	0	0	0
ENST00000647108	0	888.308776863155	0	888.308776863155
ENST00000647188	0	0	0	0
ENST00000647425	0	0	0	0
ENST00000647504	0	0	0	0
ENST00000647678	0	688.883208705706	0	688.883208705706
ENST00000647779	0	0	0	0
ENST00000647911	1127.24124821299	0	1127.24124821299	0
ENST00000648253	0	0	0	0
ENST00000648495	0	0	0	0
ENST00000649100	0	0	0	0
ENST00000649170	0	0	0	0
ENST00000649224	0	0	0	0
ENST00000649499	0	0	0	0
ENST00000649822	0	688.883208705706	0	688.883208705706
ENST00000650208	0	0	0	0
ENST00000650376	0	0	0	0
